Date and Time,Event ID,Task Category,LogSource,Keywords
2026-04-21 20:49:06,7000,Registry Value Read: HKLM\SYSTEM\CurrentControlSet\Control\TimeZoneInformation,REGISTRY,None
2026-04-21 20:50:06,7000,Registry Value Read: HKCU\Control Panel\Desktop\Wallpaper,REGISTRY,None
2026-04-21 20:51:06,7000,Registry Value Read: HKCU\Control Panel\Desktop\Wallpaper,REGISTRY,None
2026-04-21 20:52:06,7000,Registry Value Read: HKLM\SOFTWARE\Microsoft\Windows\CurrentVersion\Uninstall\Office365,REGISTRY,None
2026-04-21 20:53:06,7000,Registry Value Read: HKLM\SYSTEM\CurrentControlSet\Control\TimeZoneInformation,REGISTRY,None
2026-04-21 20:54:06,7000,Registry Value Read: HKLM\SYSTEM\CurrentControlSet\Control\TimeZoneInformation,REGISTRY,None
2026-04-21 20:55:06,7000,Registry Value Read: HKCU\Control Panel\Desktop\Wallpaper,REGISTRY,None
2026-04-21 20:56:06,7000,Registry Value Read: HKCU\Software\Microsoft\Windows\CurrentVersion\Explorer\RecentDocs,REGISTRY,None
2026-04-21 20:57:06,7000,Registry Value Read: HKCU\Software\Microsoft\Windows\CurrentVersion\Explorer\RecentDocs,REGISTRY,None
2026-04-21 20:58:06,7000,Registry Value Read: HKCU\Software\Microsoft\Windows\CurrentVersion\Explorer\RecentDocs,REGISTRY,None
2026-04-21 20:59:06,7000,Registry Value Read: HKLM\SYSTEM\CurrentControlSet\Control\TimeZoneInformation,REGISTRY,None
2026-04-21 21:00:06,7000,Registry Value Read: HKLM\SYSTEM\CurrentControlSet\Control\TimeZoneInformation,REGISTRY,None
2026-04-21 21:01:06,7000,Registry Value Read: HKLM\SYSTEM\CurrentControlSet\Control\TimeZoneInformation,REGISTRY,None
2026-04-21 21:02:06,7000,Registry Value Read: HKLM\SOFTWARE\Microsoft\Windows\CurrentVersion\Uninstall\Office365,REGISTRY,None
2026-04-21 21:03:06,7000,Registry Value Read: HKCU\Control Panel\Desktop\Wallpaper,REGISTRY,None
2026-04-21 21:04:06,7000,Registry Value Read: HKLM\SOFTWARE\Microsoft\Windows\CurrentVersion\Uninstall\Office365,REGISTRY,None
2026-04-21 21:05:06,7000,Registry Value Read: HKLM\SOFTWARE\Microsoft\Windows\CurrentVersion\Uninstall\Office365,REGISTRY,None
2026-04-21 21:06:06,7000,Registry Value Read: HKLM\SYSTEM\CurrentControlSet\Control\TimeZoneInformation,REGISTRY,None
2026-04-21 21:07:06,7000,Registry Value Read: HKLM\SYSTEM\CurrentControlSet\Control\TimeZoneInformation,REGISTRY,None
2026-04-21 21:08:06,7000,Registry Value Read: HKCU\Control Panel\Desktop\Wallpaper,REGISTRY,None
2026-04-21 21:09:06,7000,Registry Value Read: HKCU\Software\Microsoft\Windows\CurrentVersion\Explorer\RecentDocs,REGISTRY,None
2026-04-21 21:10:06,7000,Registry Value Read: HKCU\Control Panel\Desktop\Wallpaper,REGISTRY,None
2026-04-21 21:11:06,7000,Registry Value Read: HKCU\Control Panel\Desktop\Wallpaper,REGISTRY,None
2026-04-21 21:12:06,7000,Registry Value Read: HKCU\Control Panel\Desktop\Wallpaper,REGISTRY,None
2026-04-21 21:13:06,7000,Registry Value Read: HKCU\Software\Microsoft\Windows\CurrentVersion\Explorer\RecentDocs,REGISTRY,None
2026-04-21 21:14:06,7000,Registry Value Read: HKCU\Control Panel\Desktop\Wallpaper,REGISTRY,None
2026-04-21 21:15:06,7000,Registry Value Read: HKLM\SOFTWARE\Microsoft\Windows\CurrentVersion\Uninstall\Office365,REGISTRY,None
2026-04-21 21:16:06,7000,Registry Value Read: HKCU\Software\Microsoft\Windows\CurrentVersion\Explorer\RecentDocs,REGISTRY,None
2026-04-21 21:17:06,7000,Registry Value Read: HKLM\SOFTWARE\Microsoft\Windows\CurrentVersion\Uninstall\Office365,REGISTRY,None
2026-04-21 21:18:06,7000,Registry Value Read: HKCU\Software\Microsoft\Windows\CurrentVersion\Explorer\RecentDocs,REGISTRY,None
2026-04-21 21:19:06,7000,Registry Value Read: HKCU\Software\Microsoft\Windows\CurrentVersion\Explorer\RecentDocs,REGISTRY,None
2026-04-21 21:20:06,7000,Registry Value Read: HKLM\SYSTEM\CurrentControlSet\Control\TimeZoneInformation,REGISTRY,None
2026-04-21 21:21:06,7000,Registry Value Read: HKLM\SYSTEM\CurrentControlSet\Control\TimeZoneInformation,REGISTRY,None
2026-04-21 21:22:06,7000,Registry Value Read: HKLM\SYSTEM\CurrentControlSet\Control\TimeZoneInformation,REGISTRY,None
2026-04-21 21:23:06,7000,Registry Value Read: HKLM\SOFTWARE\Microsoft\Windows\CurrentVersion\Uninstall\Office365,REGISTRY,None
2026-04-21 21:24:06,7000,Registry Value Read: HKLM\SYSTEM\CurrentControlSet\Control\TimeZoneInformation,REGISTRY,None
2026-04-21 21:25:06,7000,Registry Value Read: HKCU\Control Panel\Desktop\Wallpaper,REGISTRY,None
2026-04-21 21:26:06,7000,Registry Value Read: HKCU\Software\Microsoft\Windows\CurrentVersion\Explorer\RecentDocs,REGISTRY,None
2026-04-21 21:27:06,7000,Registry Value Read: HKLM\SOFTWARE\Microsoft\Windows\CurrentVersion\Uninstall\Office365,REGISTRY,None
2026-04-21 21:28:06,7000,Registry Value Read: HKLM\SOFTWARE\Microsoft\Windows\CurrentVersion\Uninstall\Office365,REGISTRY,None
2026-04-21 21:29:06,7000,Registry Value Read: HKLM\SYSTEM\CurrentControlSet\Control\TimeZoneInformation,REGISTRY,None
2026-04-21 21:30:06,7000,Registry Value Read: HKLM\SYSTEM\CurrentControlSet\Control\TimeZoneInformation,REGISTRY,None
2026-04-21 21:31:06,7000,Registry Value Read: HKCU\Software\Microsoft\Windows\CurrentVersion\Explorer\RecentDocs,REGISTRY,None
2026-04-21 21:32:06,7000,Registry Value Read: HKCU\Software\Microsoft\Windows\CurrentVersion\Explorer\RecentDocs,REGISTRY,None
2026-04-21 21:33:06,7000,Registry Value Read: HKCU\Software\Microsoft\Windows\CurrentVersion\Explorer\RecentDocs,REGISTRY,None
2026-04-21 21:34:06,7000,Registry Value Read: HKLM\SOFTWARE\Microsoft\Windows\CurrentVersion\Uninstall\Office365,REGISTRY,None
2026-04-21 21:35:06,7000,Registry Value Read: HKLM\SOFTWARE\Microsoft\Windows\CurrentVersion\Uninstall\Office365,REGISTRY,None
2026-04-21 21:36:06,7000,Registry Value Read: HKCU\Control Panel\Desktop\Wallpaper,REGISTRY,None
2026-04-21 21:37:06,7000,Registry Value Read: HKCU\Software\Microsoft\Windows\CurrentVersion\Explorer\RecentDocs,REGISTRY,None
2026-04-21 21:38:06,7000,Registry Value Read: HKCU\Software\Microsoft\Windows\CurrentVersion\Explorer\RecentDocs,REGISTRY,None
2026-04-21 21:39:06,7000,Registry Value Read: HKLM\SOFTWARE\Microsoft\Windows\CurrentVersion\Uninstall\Office365,REGISTRY,None
2026-04-21 21:40:06,7000,Registry Value Read: HKLM\SOFTWARE\Microsoft\Windows\CurrentVersion\Uninstall\Office365,REGISTRY,None
2026-04-21 21:41:06,7000,Registry Value Read: HKLM\SYSTEM\CurrentControlSet\Control\TimeZoneInformation,REGISTRY,None
2026-04-21 21:42:06,7000,Registry Value Read: HKCU\Software\Microsoft\Windows\CurrentVersion\Explorer\RecentDocs,REGISTRY,None
2026-04-21 21:43:06,7000,Registry Value Read: HKCU\Software\Microsoft\Windows\CurrentVersion\Explorer\RecentDocs,REGISTRY,None
2026-04-21 21:44:06,7000,Registry Value Read: HKCU\Control Panel\Desktop\Wallpaper,REGISTRY,None
2026-04-21 21:45:06,7000,Registry Value Read: HKLM\SYSTEM\CurrentControlSet\Control\TimeZoneInformation,REGISTRY,None
2026-04-21 21:46:06,7000,Registry Value Read: HKCU\Software\Microsoft\Windows\CurrentVersion\Explorer\RecentDocs,REGISTRY,None
2026-04-21 21:47:06,7000,Registry Value Read: HKLM\SYSTEM\CurrentControlSet\Control\TimeZoneInformation,REGISTRY,None
2026-04-21 21:48:06,7000,Registry Value Read: HKLM\SOFTWARE\Microsoft\Windows\CurrentVersion\Uninstall\Office365,REGISTRY,None
2026-04-21 21:49:06,7000,Registry Value Read: HKLM\SOFTWARE\Microsoft\Windows\CurrentVersion\Uninstall\Office365,REGISTRY,None
2026-04-21 21:50:06,7000,Registry Value Read: HKCU\Software\Microsoft\Windows\CurrentVersion\Explorer\RecentDocs,REGISTRY,None
2026-04-21 21:51:06,7000,Registry Value Read: HKLM\SYSTEM\CurrentControlSet\Control\TimeZoneInformation,REGISTRY,None
2026-04-21 21:52:06,7000,Registry Value Read: HKCU\Software\Microsoft\Windows\CurrentVersion\Explorer\RecentDocs,REGISTRY,None
2026-04-21 21:53:06,7000,Registry Value Read: HKCU\Control Panel\Desktop\Wallpaper,REGISTRY,None
2026-04-21 21:54:06,7000,Registry Value Read: HKCU\Software\Microsoft\Windows\CurrentVersion\Explorer\RecentDocs,REGISTRY,None
2026-04-21 21:55:06,7000,Registry Value Read: HKLM\SYSTEM\CurrentControlSet\Control\TimeZoneInformation,REGISTRY,None
2026-04-21 21:56:06,7000,Registry Value Read: HKLM\SYSTEM\CurrentControlSet\Control\TimeZoneInformation,REGISTRY,None
2026-04-21 21:57:06,7000,Registry Value Read: HKLM\SYSTEM\CurrentControlSet\Control\TimeZoneInformation,REGISTRY,None
2026-04-21 21:58:06,7000,Registry Value Read: HKCU\Software\Microsoft\Windows\CurrentVersion\Explorer\RecentDocs,REGISTRY,None
2026-04-21 21:59:06,7000,Registry Value Read: HKLM\SOFTWARE\Microsoft\Windows\CurrentVersion\Uninstall\Office365,REGISTRY,None
2026-04-21 22:00:06,7000,Registry Value Read: HKCU\Control Panel\Desktop\Wallpaper,REGISTRY,None
2026-04-21 22:01:06,7000,Registry Value Read: HKLM\SOFTWARE\Microsoft\Windows\CurrentVersion\Uninstall\Office365,REGISTRY,None
2026-04-21 22:02:06,7000,Registry Value Read: HKCU\Software\Microsoft\Windows\CurrentVersion\Explorer\RecentDocs,REGISTRY,None
2026-04-21 22:03:06,7000,Registry Value Read: HKCU\Software\Microsoft\Windows\CurrentVersion\Explorer\RecentDocs,REGISTRY,None
2026-04-21 22:04:06,7000,Registry Value Read: HKCU\Software\Microsoft\Windows\CurrentVersion\Explorer\RecentDocs,REGISTRY,None
2026-04-21 22:05:06,7000,Registry Value Read: HKLM\SYSTEM\CurrentControlSet\Control\TimeZoneInformation,REGISTRY,None
2026-04-21 22:06:06,7000,Registry Value Read: HKCU\Control Panel\Desktop\Wallpaper,REGISTRY,None
2026-04-21 22:07:06,7000,Registry Value Read: HKCU\Software\Microsoft\Windows\CurrentVersion\Explorer\RecentDocs,REGISTRY,None
2026-04-21 22:08:06,7000,Registry Value Read: HKLM\SYSTEM\CurrentControlSet\Control\TimeZoneInformation,REGISTRY,None
2026-04-21 22:09:06,7000,Registry Value Read: HKLM\SYSTEM\CurrentControlSet\Control\TimeZoneInformation,REGISTRY,None
2026-04-21 22:10:06,7000,Registry Value Read: HKLM\SYSTEM\CurrentControlSet\Control\TimeZoneInformation,REGISTRY,None
2026-04-21 22:11:06,7000,Registry Value Read: HKCU\Software\Microsoft\Windows\CurrentVersion\Explorer\RecentDocs,REGISTRY,None
2026-04-21 22:12:06,7000,Registry Value Read: HKLM\SOFTWARE\Microsoft\Windows\CurrentVersion\Uninstall\Office365,REGISTRY,None
2026-04-21 22:13:06,7000,Registry Value Read: HKLM\SOFTWARE\Microsoft\Windows\CurrentVersion\Uninstall\Office365,REGISTRY,None
2026-04-21 22:14:06,7000,Registry Value Read: HKLM\SYSTEM\CurrentControlSet\Control\TimeZoneInformation,REGISTRY,None
2026-04-21 22:15:06,7000,Registry Value Read: HKLM\SOFTWARE\Microsoft\Windows\CurrentVersion\Uninstall\Office365,REGISTRY,None
2026-04-21 22:16:06,7000,Registry Value Read: HKLM\SYSTEM\CurrentControlSet\Control\TimeZoneInformation,REGISTRY,None
2026-04-21 22:17:06,7000,Registry Value Read: HKCU\Control Panel\Desktop\Wallpaper,REGISTRY,None
2026-04-21 22:18:06,7000,Registry Value Read: HKCU\Software\Microsoft\Windows\CurrentVersion\Explorer\RecentDocs,REGISTRY,None
2026-04-21 22:19:06,7000,Registry Value Read: HKCU\Control Panel\Desktop\Wallpaper,REGISTRY,None
2026-04-21 22:20:06,7000,Registry Value Read: HKLM\SOFTWARE\Microsoft\Windows\CurrentVersion\Uninstall\Office365,REGISTRY,None
2026-04-21 22:21:06,7000,Registry Value Read: HKCU\Control Panel\Desktop\Wallpaper,REGISTRY,None
2026-04-21 22:22:06,7000,Registry Value Read: HKLM\SYSTEM\CurrentControlSet\Control\TimeZoneInformation,REGISTRY,None
2026-04-21 22:23:06,7000,Registry Value Read: HKCU\Software\Microsoft\Windows\CurrentVersion\Explorer\RecentDocs,REGISTRY,None
2026-04-21 22:24:06,7000,Registry Value Read: HKCU\Software\Microsoft\Windows\CurrentVersion\Explorer\RecentDocs,REGISTRY,None
2026-04-21 22:25:06,7000,Registry Value Read: HKLM\SOFTWARE\Microsoft\Windows\CurrentVersion\Uninstall\Office365,REGISTRY,None
2026-04-21 22:26:06,7000,Registry Value Read: HKCU\Software\Microsoft\Windows\CurrentVersion\Explorer\RecentDocs,REGISTRY,None
2026-04-21 22:27:06,7000,Registry Value Read: HKLM\SYSTEM\CurrentControlSet\Control\TimeZoneInformation,REGISTRY,None
2026-04-21 22:28:06,7000,Registry Value Read: HKLM\SOFTWARE\Microsoft\Windows\CurrentVersion\Uninstall\Office365,REGISTRY,None
2026-04-21 22:29:06,7000,Registry Value Read: HKCU\Control Panel\Desktop\Wallpaper,REGISTRY,None
2026-04-21 22:30:06,7000,Registry Value Read: HKLM\SOFTWARE\Microsoft\Windows\CurrentVersion\Uninstall\Office365,REGISTRY,None
2026-04-21 22:31:06,7000,Registry Value Read: HKCU\Software\Microsoft\Windows\CurrentVersion\Explorer\RecentDocs,REGISTRY,None
2026-04-21 22:32:06,7000,Registry Value Read: HKCU\Control Panel\Desktop\Wallpaper,REGISTRY,None
2026-04-21 22:33:06,7000,Registry Value Read: HKCU\Software\Microsoft\Windows\CurrentVersion\Explorer\RecentDocs,REGISTRY,None
2026-04-21 22:34:06,7000,Registry Value Read: HKCU\Control Panel\Desktop\Wallpaper,REGISTRY,None
2026-04-21 22:35:06,7000,Registry Value Read: HKCU\Software\Microsoft\Windows\CurrentVersion\Explorer\RecentDocs,REGISTRY,None
2026-04-21 22:36:06,7000,Registry Value Read: HKLM\SOFTWARE\Microsoft\Windows\CurrentVersion\Uninstall\Office365,REGISTRY,None
2026-04-21 22:37:06,7000,Registry Value Read: HKLM\SOFTWARE\Microsoft\Windows\CurrentVersion\Uninstall\Office365,REGISTRY,None
2026-04-21 22:38:06,7000,Registry Value Read: HKLM\SOFTWARE\Microsoft\Windows\CurrentVersion\Uninstall\Office365,REGISTRY,None
2026-04-21 22:39:06,7000,Registry Value Read: HKLM\SYSTEM\CurrentControlSet\Control\TimeZoneInformation,REGISTRY,None
2026-04-21 22:40:06,7000,Registry Value Read: HKLM\SYSTEM\CurrentControlSet\Control\TimeZoneInformation,REGISTRY,None
2026-04-21 22:41:06,7000,Registry Value Read: HKCU\Software\Microsoft\Windows\CurrentVersion\Explorer\RecentDocs,REGISTRY,None
2026-04-21 22:42:06,7000,Registry Value Read: HKCU\Software\Microsoft\Windows\CurrentVersion\Explorer\RecentDocs,REGISTRY,None
2026-04-21 22:43:06,7000,Registry Value Read: HKCU\Control Panel\Desktop\Wallpaper,REGISTRY,None
2026-04-21 22:44:06,7000,Registry Value Read: HKLM\SYSTEM\CurrentControlSet\Control\TimeZoneInformation,REGISTRY,None
2026-04-21 22:45:06,7000,Registry Value Read: HKLM\SOFTWARE\Microsoft\Windows\CurrentVersion\Uninstall\Office365,REGISTRY,None
2026-04-21 22:46:06,7000,Registry Value Read: HKLM\SOFTWARE\Microsoft\Windows\CurrentVersion\Uninstall\Office365,REGISTRY,None
2026-04-21 22:47:06,7000,Registry Value Read: HKLM\SOFTWARE\Microsoft\Windows\CurrentVersion\Uninstall\Office365,REGISTRY,None
2026-04-21 22:48:06,7000,Registry Value Read: HKLM\SOFTWARE\Microsoft\Windows\CurrentVersion\Uninstall\Office365,REGISTRY,None
2026-04-21 22:49:06,7000,Registry Value Read: HKLM\SYSTEM\CurrentControlSet\Control\TimeZoneInformation,REGISTRY,None
2026-04-21 22:50:06,7000,Registry Value Read: HKCU\Control Panel\Desktop\Wallpaper,REGISTRY,None
2026-04-21 22:51:06,7000,Registry Value Read: HKCU\Control Panel\Desktop\Wallpaper,REGISTRY,None
2026-04-21 22:52:06,7000,Registry Value Read: HKLM\SYSTEM\CurrentControlSet\Control\TimeZoneInformation,REGISTRY,None
2026-04-21 22:53:06,7000,Registry Value Read: HKLM\SOFTWARE\Microsoft\Windows\CurrentVersion\Uninstall\Office365,REGISTRY,None
2026-04-21 22:54:06,7000,Registry Value Read: HKCU\Software\Microsoft\Windows\CurrentVersion\Explorer\RecentDocs,REGISTRY,None
2026-04-21 22:55:06,7000,Registry Value Read: HKLM\SOFTWARE\Microsoft\Windows\CurrentVersion\Uninstall\Office365,REGISTRY,None
2026-04-21 22:56:06,7000,Registry Value Read: HKCU\Control Panel\Desktop\Wallpaper,REGISTRY,None
2026-04-21 22:57:06,7000,Registry Value Read: HKCU\Control Panel\Desktop\Wallpaper,REGISTRY,None
2026-04-21 22:58:06,7000,Registry Value Read: HKCU\Software\Microsoft\Windows\CurrentVersion\Explorer\RecentDocs,REGISTRY,None
2026-04-21 22:59:06,7000,Registry Value Read: HKCU\Control Panel\Desktop\Wallpaper,REGISTRY,None
2026-04-21 23:00:06,7000,Registry Value Read: HKLM\SYSTEM\CurrentControlSet\Control\TimeZoneInformation,REGISTRY,None
2026-04-21 23:01:06,7000,Registry Value Read: HKCU\Software\Microsoft\Windows\CurrentVersion\Explorer\RecentDocs,REGISTRY,None
2026-04-21 23:02:06,7000,Registry Value Read: HKCU\Software\Microsoft\Windows\CurrentVersion\Explorer\RecentDocs,REGISTRY,None
2026-04-21 23:03:06,7000,Registry Value Read: HKCU\Control Panel\Desktop\Wallpaper,REGISTRY,None
2026-04-21 23:04:06,7000,Registry Value Read: HKLM\SYSTEM\CurrentControlSet\Control\TimeZoneInformation,REGISTRY,None
2026-04-21 23:05:06,7000,Registry Value Read: HKLM\SYSTEM\CurrentControlSet\Control\TimeZoneInformation,REGISTRY,None
2026-04-21 23:06:06,7000,Registry Value Read: HKLM\SYSTEM\CurrentControlSet\Control\TimeZoneInformation,REGISTRY,None
2026-04-21 23:07:06,7000,Registry Value Read: HKLM\SOFTWARE\Microsoft\Windows\CurrentVersion\Uninstall\Office365,REGISTRY,None
2026-04-21 23:08:06,7000,Registry Value Read: HKCU\Software\Microsoft\Windows\CurrentVersion\Explorer\RecentDocs,REGISTRY,None
2026-04-21 23:09:06,7000,Registry Value Read: HKCU\Software\Microsoft\Windows\CurrentVersion\Explorer\RecentDocs,REGISTRY,None
2026-04-21 23:10:06,7000,Registry Value Read: HKLM\SYSTEM\CurrentControlSet\Control\TimeZoneInformation,REGISTRY,None
2026-04-21 23:11:06,7000,Registry Value Read: HKLM\SYSTEM\CurrentControlSet\Control\TimeZoneInformation,REGISTRY,None
2026-04-21 23:12:06,7000,Registry Value Read: HKLM\SYSTEM\CurrentControlSet\Control\TimeZoneInformation,REGISTRY,None
2026-04-21 23:13:06,7000,Registry Value Read: HKCU\Software\Microsoft\Windows\CurrentVersion\Explorer\RecentDocs,REGISTRY,None
2026-04-21 23:14:06,7000,Registry Value Read: HKLM\SYSTEM\CurrentControlSet\Control\TimeZoneInformation,REGISTRY,None
2026-04-21 23:15:06,7000,Registry Value Read: HKLM\SYSTEM\CurrentControlSet\Control\TimeZoneInformation,REGISTRY,None
2026-04-21 23:16:06,7000,Registry Value Read: HKCU\Control Panel\Desktop\Wallpaper,REGISTRY,None
2026-04-21 23:17:06,7000,Registry Value Read: HKLM\SYSTEM\CurrentControlSet\Control\TimeZoneInformation,REGISTRY,None
2026-04-21 23:18:06,7000,Registry Value Read: HKCU\Software\Microsoft\Windows\CurrentVersion\Explorer\RecentDocs,REGISTRY,None
2026-04-21 23:19:06,7000,Registry Value Read: HKCU\Control Panel\Desktop\Wallpaper,REGISTRY,None
2026-04-21 23:20:06,7000,Registry Value Read: HKCU\Software\Microsoft\Windows\CurrentVersion\Explorer\RecentDocs,REGISTRY,None
2026-04-21 23:21:06,7000,Registry Value Read: HKCU\Control Panel\Desktop\Wallpaper,REGISTRY,None
2026-04-21 23:22:06,7000,Registry Value Read: HKLM\SYSTEM\CurrentControlSet\Control\TimeZoneInformation,REGISTRY,None
2026-04-21 23:23:06,7000,Registry Value Read: HKCU\Control Panel\Desktop\Wallpaper,REGISTRY,None
2026-04-21 23:24:06,7000,Registry Value Read: HKCU\Control Panel\Desktop\Wallpaper,REGISTRY,None
2026-04-21 23:25:06,7000,Registry Value Read: HKLM\SYSTEM\CurrentControlSet\Control\TimeZoneInformation,REGISTRY,None
2026-04-21 23:26:06,7000,Registry Value Read: HKLM\SOFTWARE\Microsoft\Windows\CurrentVersion\Uninstall\Office365,REGISTRY,None
2026-04-21 23:27:06,7000,Registry Value Read: HKLM\SYSTEM\CurrentControlSet\Control\TimeZoneInformation,REGISTRY,None
2026-04-21 23:28:06,7000,Registry Value Read: HKLM\SYSTEM\CurrentControlSet\Control\TimeZoneInformation,REGISTRY,None
2026-04-21 23:29:06,7000,Registry Value Read: HKLM\SYSTEM\CurrentControlSet\Control\TimeZoneInformation,REGISTRY,None
2026-04-21 23:30:06,7000,Registry Value Read: HKLM\SYSTEM\CurrentControlSet\Control\TimeZoneInformation,REGISTRY,None
2026-04-21 23:31:06,7000,Registry Value Read: HKLM\SYSTEM\CurrentControlSet\Control\TimeZoneInformation,REGISTRY,None
2026-04-21 23:32:06,7000,Registry Value Read: HKCU\Software\Microsoft\Windows\CurrentVersion\Explorer\RecentDocs,REGISTRY,None
2026-04-21 23:33:06,7000,Registry Value Read: HKLM\SYSTEM\CurrentControlSet\Control\TimeZoneInformation,REGISTRY,None
2026-04-21 23:34:06,7000,Registry Value Read: HKLM\SYSTEM\CurrentControlSet\Control\TimeZoneInformation,REGISTRY,None
2026-04-21 23:35:06,7000,Registry Value Read: HKCU\Control Panel\Desktop\Wallpaper,REGISTRY,None
2026-04-21 23:36:06,7000,Registry Value Read: HKLM\SOFTWARE\Microsoft\Windows\CurrentVersion\Uninstall\Office365,REGISTRY,None
2026-04-21 23:37:06,7000,Registry Value Read: HKCU\Software\Microsoft\Windows\CurrentVersion\Explorer\RecentDocs,REGISTRY,None
2026-04-21 23:38:06,7000,Registry Value Read: HKLM\SYSTEM\CurrentControlSet\Control\TimeZoneInformation,REGISTRY,None
2026-04-21 23:39:06,7000,Registry Value Read: HKCU\Software\Microsoft\Windows\CurrentVersion\Explorer\RecentDocs,REGISTRY,None
2026-04-21 23:40:06,7000,Registry Value Read: HKCU\Control Panel\Desktop\Wallpaper,REGISTRY,None
2026-04-21 23:41:06,7000,Registry Value Read: HKLM\SOFTWARE\Microsoft\Windows\CurrentVersion\Uninstall\Office365,REGISTRY,None
2026-04-21 23:42:06,7000,Registry Value Read: HKCU\Software\Microsoft\Windows\CurrentVersion\Explorer\RecentDocs,REGISTRY,None
2026-04-21 23:43:06,7000,Registry Value Read: HKLM\SOFTWARE\Microsoft\Windows\CurrentVersion\Uninstall\Office365,REGISTRY,None
2026-04-21 23:44:06,7000,Registry Value Read: HKCU\Software\Microsoft\Windows\CurrentVersion\Explorer\RecentDocs,REGISTRY,None
2026-04-21 23:45:06,7000,Registry Value Read: HKLM\SOFTWARE\Microsoft\Windows\CurrentVersion\Uninstall\Office365,REGISTRY,None
2026-04-21 23:46:06,7000,Registry Value Read: HKLM\SOFTWARE\Microsoft\Windows\CurrentVersion\Uninstall\Office365,REGISTRY,None
2026-04-21 23:47:06,7000,Registry Value Read: HKLM\SYSTEM\CurrentControlSet\Control\TimeZoneInformation,REGISTRY,None
2026-04-21 23:48:06,7000,Registry Value Read: HKCU\Control Panel\Desktop\Wallpaper,REGISTRY,None
2026-04-21 23:49:06,7000,Registry Value Read: HKCU\Control Panel\Desktop\Wallpaper,REGISTRY,None
2026-04-21 23:50:06,7000,Registry Value Read: HKCU\Software\Microsoft\Windows\CurrentVersion\Explorer\RecentDocs,REGISTRY,None
2026-04-21 23:51:06,7000,Registry Value Read: HKLM\SYSTEM\CurrentControlSet\Control\TimeZoneInformation,REGISTRY,None
2026-04-21 23:52:06,7000,Registry Value Read: HKLM\SYSTEM\CurrentControlSet\Control\TimeZoneInformation,REGISTRY,None
2026-04-21 23:53:06,7000,Registry Value Read: HKCU\Control Panel\Desktop\Wallpaper,REGISTRY,None
2026-04-21 23:54:06,7000,Registry Value Read: HKCU\Control Panel\Desktop\Wallpaper,REGISTRY,None
2026-04-21 23:55:06,7000,Registry Value Read: HKLM\SYSTEM\CurrentControlSet\Control\TimeZoneInformation,REGISTRY,None
2026-04-21 23:56:06,7000,Registry Value Read: HKCU\Software\Microsoft\Windows\CurrentVersion\Explorer\RecentDocs,REGISTRY,None
2026-04-21 23:57:06,7000,Registry Value Read: HKLM\SOFTWARE\Microsoft\Windows\CurrentVersion\Uninstall\Office365,REGISTRY,None
2026-04-21 23:58:06,7000,Registry Value Read: HKLM\SYSTEM\CurrentControlSet\Control\TimeZoneInformation,REGISTRY,None
2026-04-21 23:59:06,7000,Registry Value Read: HKCU\Software\Microsoft\Windows\CurrentVersion\Explorer\RecentDocs,REGISTRY,None
2026-04-22 00:00:06,7000,Registry Value Read: HKCU\Control Panel\Desktop\Wallpaper,REGISTRY,None
2026-04-22 00:01:06,7000,Registry Value Read: HKCU\Control Panel\Desktop\Wallpaper,REGISTRY,None
2026-04-22 00:02:06,7000,Registry Value Read: HKCU\Software\Microsoft\Windows\CurrentVersion\Explorer\RecentDocs,REGISTRY,None
2026-04-22 00:03:06,7000,Registry Value Read: HKCU\Control Panel\Desktop\Wallpaper,REGISTRY,None
2026-04-22 00:04:06,7000,Registry Value Read: HKLM\SOFTWARE\Microsoft\Windows\CurrentVersion\Uninstall\Office365,REGISTRY,None
2026-04-22 00:05:06,7000,Registry Value Read: HKLM\SYSTEM\CurrentControlSet\Control\TimeZoneInformation,REGISTRY,None
2026-04-22 00:06:06,7000,Registry Value Read: HKLM\SYSTEM\CurrentControlSet\Control\TimeZoneInformation,REGISTRY,None
2026-04-22 00:07:06,7000,Registry Value Read: HKLM\SOFTWARE\Microsoft\Windows\CurrentVersion\Uninstall\Office365,REGISTRY,None
2026-04-22 00:08:06,7000,Registry Value Read: HKLM\SYSTEM\CurrentControlSet\Control\TimeZoneInformation,REGISTRY,None
2026-04-22 00:09:06,7000,Registry Value Read: HKCU\Software\Microsoft\Windows\CurrentVersion\Explorer\RecentDocs,REGISTRY,None
2026-04-22 00:10:06,7000,Registry Value Read: HKCU\Software\Microsoft\Windows\CurrentVersion\Explorer\RecentDocs,REGISTRY,None
2026-04-22 00:11:06,7000,Registry Value Read: HKCU\Software\Microsoft\Windows\CurrentVersion\Explorer\RecentDocs,REGISTRY,None
2026-04-22 00:12:06,7000,Registry Value Read: HKLM\SOFTWARE\Microsoft\Windows\CurrentVersion\Uninstall\Office365,REGISTRY,None
2026-04-22 00:13:06,7000,Registry Value Read: HKCU\Control Panel\Desktop\Wallpaper,REGISTRY,None
2026-04-22 00:14:06,7000,Registry Value Read: HKLM\SYSTEM\CurrentControlSet\Control\TimeZoneInformation,REGISTRY,None
2026-04-22 00:15:06,7000,Registry Value Read: HKCU\Software\Microsoft\Windows\CurrentVersion\Explorer\RecentDocs,REGISTRY,None
2026-04-22 00:16:06,7000,Registry Value Read: HKCU\Software\Microsoft\Windows\CurrentVersion\Explorer\RecentDocs,REGISTRY,None
2026-04-22 00:17:06,7000,Registry Value Read: HKLM\SOFTWARE\Microsoft\Windows\CurrentVersion\Uninstall\Office365,REGISTRY,None
2026-04-22 00:18:06,7000,Registry Value Read: HKCU\Software\Microsoft\Windows\CurrentVersion\Explorer\RecentDocs,REGISTRY,None
2026-04-22 00:19:06,7000,Registry Value Read: HKCU\Control Panel\Desktop\Wallpaper,REGISTRY,None
2026-04-22 00:20:06,7000,Registry Value Read: HKCU\Control Panel\Desktop\Wallpaper,REGISTRY,None
2026-04-22 00:21:06,7000,Registry Value Read: HKCU\Software\Microsoft\Windows\CurrentVersion\Explorer\RecentDocs,REGISTRY,None
2026-04-22 00:22:06,7000,Registry Value Read: HKCU\Software\Microsoft\Windows\CurrentVersion\Explorer\RecentDocs,REGISTRY,None
2026-04-22 00:23:06,7000,Registry Value Read: HKLM\SYSTEM\CurrentControlSet\Control\TimeZoneInformation,REGISTRY,None
2026-04-22 00:24:06,7000,Registry Value Read: HKCU\Control Panel\Desktop\Wallpaper,REGISTRY,None
2026-04-22 00:25:06,7000,Registry Value Read: HKCU\Control Panel\Desktop\Wallpaper,REGISTRY,None
2026-04-22 00:26:06,7000,Registry Value Read: HKLM\SOFTWARE\Microsoft\Windows\CurrentVersion\Uninstall\Office365,REGISTRY,None
2026-04-22 00:27:06,7000,Registry Value Read: HKLM\SYSTEM\CurrentControlSet\Control\TimeZoneInformation,REGISTRY,None
2026-04-22 00:28:06,7000,Registry Value Read: HKCU\Control Panel\Desktop\Wallpaper,REGISTRY,None
2026-04-22 00:29:06,7000,Registry Value Read: HKLM\SYSTEM\CurrentControlSet\Control\TimeZoneInformation,REGISTRY,None
2026-04-22 00:30:06,7000,Registry Value Read: HKCU\Control Panel\Desktop\Wallpaper,REGISTRY,None
2026-04-22 00:31:06,7000,Registry Value Read: HKLM\SYSTEM\CurrentControlSet\Control\TimeZoneInformation,REGISTRY,None
2026-04-22 00:32:06,7000,Registry Value Read: HKLM\SYSTEM\CurrentControlSet\Control\TimeZoneInformation,REGISTRY,None
2026-04-22 00:33:06,7000,Registry Value Read: HKLM\SYSTEM\CurrentControlSet\Control\TimeZoneInformation,REGISTRY,None
2026-04-22 00:34:06,7000,Registry Value Read: HKCU\Software\Microsoft\Windows\CurrentVersion\Explorer\RecentDocs,REGISTRY,None
2026-04-22 00:35:06,7000,Registry Value Read: HKCU\Control Panel\Desktop\Wallpaper,REGISTRY,None
2026-04-22 00:36:06,7000,Registry Value Read: HKLM\SOFTWARE\Microsoft\Windows\CurrentVersion\Uninstall\Office365,REGISTRY,None
2026-04-22 00:37:06,7000,Registry Value Read: HKLM\SOFTWARE\Microsoft\Windows\CurrentVersion\Uninstall\Office365,REGISTRY,None
2026-04-22 00:38:06,7000,Registry Value Read: HKCU\Control Panel\Desktop\Wallpaper,REGISTRY,None
2026-04-22 00:39:06,7000,Registry Value Read: HKLM\SOFTWARE\Microsoft\Windows\CurrentVersion\Uninstall\Office365,REGISTRY,None
2026-04-22 00:40:06,7000,Registry Value Read: HKLM\SYSTEM\CurrentControlSet\Control\TimeZoneInformation,REGISTRY,None
2026-04-22 00:41:06,7000,Registry Value Read: HKCU\Control Panel\Desktop\Wallpaper,REGISTRY,None
2026-04-22 00:42:06,7000,Registry Value Read: HKLM\SYSTEM\CurrentControlSet\Control\TimeZoneInformation,REGISTRY,None
2026-04-22 00:43:06,7000,Registry Value Read: HKCU\Software\Microsoft\Windows\CurrentVersion\Explorer\RecentDocs,REGISTRY,None
2026-04-22 00:44:06,7000,Registry Value Read: HKCU\Control Panel\Desktop\Wallpaper,REGISTRY,None
2026-04-22 00:45:06,7000,Registry Value Read: HKLM\SYSTEM\CurrentControlSet\Control\TimeZoneInformation,REGISTRY,None
2026-04-22 00:46:06,7000,Registry Value Read: HKCU\Software\Microsoft\Windows\CurrentVersion\Explorer\RecentDocs,REGISTRY,None
2026-04-22 00:47:06,7000,Registry Value Read: HKLM\SYSTEM\CurrentControlSet\Control\TimeZoneInformation,REGISTRY,None
2026-04-22 00:48:06,7000,Registry Value Read: HKCU\Software\Microsoft\Windows\CurrentVersion\Explorer\RecentDocs,REGISTRY,None
2026-04-22 00:49:06,7000,Registry Value Read: HKLM\SOFTWARE\Microsoft\Windows\CurrentVersion\Uninstall\Office365,REGISTRY,None
2026-04-22 00:50:06,7000,Registry Value Read: HKLM\SYSTEM\CurrentControlSet\Control\TimeZoneInformation,REGISTRY,None
2026-04-22 00:51:06,7000,Registry Value Read: HKLM\SOFTWARE\Microsoft\Windows\CurrentVersion\Uninstall\Office365,REGISTRY,None
2026-04-22 00:52:06,7000,Registry Value Read: HKLM\SYSTEM\CurrentControlSet\Control\TimeZoneInformation,REGISTRY,None
2026-04-22 00:53:06,7000,Registry Value Read: HKCU\Software\Microsoft\Windows\CurrentVersion\Explorer\RecentDocs,REGISTRY,None
2026-04-22 00:54:06,7000,Registry Value Read: HKLM\SOFTWARE\Microsoft\Windows\CurrentVersion\Uninstall\Office365,REGISTRY,None
2026-04-22 00:55:06,7000,Registry Value Read: HKLM\SYSTEM\CurrentControlSet\Control\TimeZoneInformation,REGISTRY,None
2026-04-22 00:56:06,7000,Registry Value Read: HKLM\SYSTEM\CurrentControlSet\Control\TimeZoneInformation,REGISTRY,None
2026-04-22 00:57:06,7000,Registry Value Read: HKCU\Software\Microsoft\Windows\CurrentVersion\Explorer\RecentDocs,REGISTRY,None
2026-04-22 00:58:06,7000,Registry Value Read: HKLM\SOFTWARE\Microsoft\Windows\CurrentVersion\Uninstall\Office365,REGISTRY,None
2026-04-22 00:59:06,7000,Registry Value Read: HKLM\SYSTEM\CurrentControlSet\Control\TimeZoneInformation,REGISTRY,None
2026-04-22 01:00:06,7000,Registry Value Read: HKCU\Control Panel\Desktop\Wallpaper,REGISTRY,None
2026-04-22 01:01:06,7000,Registry Value Read: HKLM\SYSTEM\CurrentControlSet\Control\TimeZoneInformation,REGISTRY,None
2026-04-22 01:02:06,7000,Registry Value Read: HKCU\Control Panel\Desktop\Wallpaper,REGISTRY,None
2026-04-22 01:03:06,7000,Registry Value Read: HKCU\Control Panel\Desktop\Wallpaper,REGISTRY,None
2026-04-22 01:04:06,7000,Registry Value Read: HKCU\Software\Microsoft\Windows\CurrentVersion\Explorer\RecentDocs,REGISTRY,None
2026-04-22 01:05:06,7000,Registry Value Read: HKLM\SYSTEM\CurrentControlSet\Control\TimeZoneInformation,REGISTRY,None
2026-04-22 01:06:06,7000,Registry Value Read: HKLM\SYSTEM\CurrentControlSet\Control\TimeZoneInformation,REGISTRY,None
2026-04-22 01:07:06,7000,Registry Value Read: HKLM\SYSTEM\CurrentControlSet\Control\TimeZoneInformation,REGISTRY,None
2026-04-22 01:08:06,7000,Registry Value Read: HKLM\SOFTWARE\Microsoft\Windows\CurrentVersion\Uninstall\Office365,REGISTRY,None
2026-04-22 01:09:06,7000,Registry Value Read: HKLM\SYSTEM\CurrentControlSet\Control\TimeZoneInformation,REGISTRY,None
2026-04-22 01:10:06,7000,Registry Value Read: HKCU\Control Panel\Desktop\Wallpaper,REGISTRY,None
2026-04-22 01:11:06,7000,Registry Value Read: HKLM\SYSTEM\CurrentControlSet\Control\TimeZoneInformation,REGISTRY,None
2026-04-22 01:12:06,7000,Registry Value Read: HKLM\SYSTEM\CurrentControlSet\Control\TimeZoneInformation,REGISTRY,None
2026-04-22 01:13:06,7000,Registry Value Read: HKLM\SOFTWARE\Microsoft\Windows\CurrentVersion\Uninstall\Office365,REGISTRY,None
2026-04-22 01:14:06,7000,Registry Value Read: HKCU\Software\Microsoft\Windows\CurrentVersion\Explorer\RecentDocs,REGISTRY,None
2026-04-22 01:15:06,7000,Registry Value Read: HKLM\SYSTEM\CurrentControlSet\Control\TimeZoneInformation,REGISTRY,None
2026-04-22 01:16:06,7000,Registry Value Read: HKCU\Control Panel\Desktop\Wallpaper,REGISTRY,None
2026-04-22 01:17:06,7000,Registry Value Read: HKCU\Software\Microsoft\Windows\CurrentVersion\Explorer\RecentDocs,REGISTRY,None
2026-04-22 01:18:06,7000,Registry Value Read: HKLM\SOFTWARE\Microsoft\Windows\CurrentVersion\Uninstall\Office365,REGISTRY,None
2026-04-22 01:19:06,7000,Registry Value Read: HKCU\Software\Microsoft\Windows\CurrentVersion\Explorer\RecentDocs,REGISTRY,None
2026-04-22 01:20:06,7000,Registry Value Read: HKCU\Control Panel\Desktop\Wallpaper,REGISTRY,None
2026-04-22 01:21:06,7000,Registry Value Read: HKLM\SOFTWARE\Microsoft\Windows\CurrentVersion\Uninstall\Office365,REGISTRY,None
2026-04-22 01:22:06,7000,Registry Value Read: HKLM\SYSTEM\CurrentControlSet\Control\TimeZoneInformation,REGISTRY,None
2026-04-22 01:23:06,7000,Registry Value Read: HKLM\SYSTEM\CurrentControlSet\Control\TimeZoneInformation,REGISTRY,None
2026-04-22 01:24:06,7000,Registry Value Read: HKCU\Software\Microsoft\Windows\CurrentVersion\Explorer\RecentDocs,REGISTRY,None
2026-04-22 01:25:06,7000,Registry Value Read: HKCU\Control Panel\Desktop\Wallpaper,REGISTRY,None
2026-04-22 01:26:06,7000,Registry Value Read: HKLM\SYSTEM\CurrentControlSet\Control\TimeZoneInformation,REGISTRY,None
2026-04-22 01:27:06,7000,Registry Value Read: HKCU\Control Panel\Desktop\Wallpaper,REGISTRY,None
2026-04-22 01:28:06,7000,Registry Value Read: HKLM\SYSTEM\CurrentControlSet\Control\TimeZoneInformation,REGISTRY,None
2026-04-22 01:29:06,7000,Registry Value Read: HKCU\Control Panel\Desktop\Wallpaper,REGISTRY,None
2026-04-22 01:30:06,7000,Registry Value Read: HKLM\SYSTEM\CurrentControlSet\Control\TimeZoneInformation,REGISTRY,None
2026-04-22 01:31:06,7000,Registry Value Read: HKLM\SYSTEM\CurrentControlSet\Control\TimeZoneInformation,REGISTRY,None
2026-04-22 01:32:06,7000,Registry Value Read: HKCU\Control Panel\Desktop\Wallpaper,REGISTRY,None
2026-04-22 01:33:06,7000,Registry Value Read: HKLM\SOFTWARE\Microsoft\Windows\CurrentVersion\Uninstall\Office365,REGISTRY,None
2026-04-22 01:34:06,7000,Registry Value Read: HKLM\SYSTEM\CurrentControlSet\Control\TimeZoneInformation,REGISTRY,None
2026-04-22 01:35:06,7000,Registry Value Read: HKLM\SYSTEM\CurrentControlSet\Control\TimeZoneInformation,REGISTRY,None
2026-04-22 01:36:06,7000,Registry Value Read: HKLM\SYSTEM\CurrentControlSet\Control\TimeZoneInformation,REGISTRY,None
2026-04-22 01:37:06,7000,Registry Value Read: HKLM\SYSTEM\CurrentControlSet\Control\TimeZoneInformation,REGISTRY,None
2026-04-22 01:38:06,7000,Registry Value Read: HKLM\SOFTWARE\Microsoft\Windows\CurrentVersion\Uninstall\Office365,REGISTRY,None
2026-04-22 01:39:06,7000,Registry Value Read: HKLM\SYSTEM\CurrentControlSet\Control\TimeZoneInformation,REGISTRY,None
2026-04-22 01:40:06,7000,Registry Value Read: HKCU\Control Panel\Desktop\Wallpaper,REGISTRY,None
2026-04-22 01:41:06,7000,Registry Value Read: HKCU\Software\Microsoft\Windows\CurrentVersion\Explorer\RecentDocs,REGISTRY,None
2026-04-22 01:42:06,7000,Registry Value Read: HKLM\SYSTEM\CurrentControlSet\Control\TimeZoneInformation,REGISTRY,None
2026-04-22 01:43:06,7000,Registry Value Read: HKCU\Control Panel\Desktop\Wallpaper,REGISTRY,None
2026-04-22 01:44:06,7000,Registry Value Read: HKLM\SOFTWARE\Microsoft\Windows\CurrentVersion\Uninstall\Office365,REGISTRY,None
2026-04-22 01:45:06,7000,Registry Value Read: HKCU\Control Panel\Desktop\Wallpaper,REGISTRY,None
2026-04-22 01:46:06,7000,Registry Value Read: HKLM\SYSTEM\CurrentControlSet\Control\TimeZoneInformation,REGISTRY,None
2026-04-22 01:47:06,7000,Registry Value Read: HKCU\Control Panel\Desktop\Wallpaper,REGISTRY,None
2026-04-22 01:48:06,7000,Registry Value Read: HKLM\SYSTEM\CurrentControlSet\Control\TimeZoneInformation,REGISTRY,None
2026-04-22 01:49:06,7000,Registry Value Read: HKLM\SOFTWARE\Microsoft\Windows\CurrentVersion\Uninstall\Office365,REGISTRY,None
2026-04-22 01:50:06,7000,Registry Value Read: HKLM\SOFTWARE\Microsoft\Windows\CurrentVersion\Uninstall\Office365,REGISTRY,None
2026-04-22 01:51:06,7000,Registry Value Read: HKLM\SYSTEM\CurrentControlSet\Control\TimeZoneInformation,REGISTRY,None
2026-04-22 01:52:06,7000,Registry Value Read: HKCU\Software\Microsoft\Windows\CurrentVersion\Explorer\RecentDocs,REGISTRY,None
2026-04-22 01:53:06,7000,Registry Value Read: HKCU\Control Panel\Desktop\Wallpaper,REGISTRY,None
2026-04-22 01:54:06,7000,Registry Value Read: HKCU\Control Panel\Desktop\Wallpaper,REGISTRY,None
2026-04-22 01:55:06,7000,Registry Value Read: HKLM\SOFTWARE\Microsoft\Windows\CurrentVersion\Uninstall\Office365,REGISTRY,None
2026-04-22 01:56:06,7000,Registry Value Read: HKCU\Control Panel\Desktop\Wallpaper,REGISTRY,None
2026-04-22 01:57:06,7000,Registry Value Read: HKCU\Control Panel\Desktop\Wallpaper,REGISTRY,None
2026-04-22 01:58:06,7000,Registry Value Read: HKLM\SOFTWARE\Microsoft\Windows\CurrentVersion\Uninstall\Office365,REGISTRY,None
2026-04-22 01:59:06,7000,Registry Value Read: HKCU\Software\Microsoft\Windows\CurrentVersion\Explorer\RecentDocs,REGISTRY,None
2026-04-22 02:00:06,7000,Registry Value Read: HKCU\Software\Microsoft\Windows\CurrentVersion\Explorer\RecentDocs,REGISTRY,None
2026-04-22 02:01:06,7000,Registry Value Read: HKCU\Control Panel\Desktop\Wallpaper,REGISTRY,None
2026-04-22 02:02:06,7000,Registry Value Read: HKCU\Software\Microsoft\Windows\CurrentVersion\Explorer\RecentDocs,REGISTRY,None
2026-04-22 02:03:06,7000,Registry Value Read: HKCU\Software\Microsoft\Windows\CurrentVersion\Explorer\RecentDocs,REGISTRY,None
2026-04-22 02:04:06,7000,Registry Value Read: HKCU\Control Panel\Desktop\Wallpaper,REGISTRY,None
2026-04-22 02:05:06,7000,Registry Value Read: HKLM\SYSTEM\CurrentControlSet\Control\TimeZoneInformation,REGISTRY,None
2026-04-22 02:06:06,7000,Registry Value Read: HKLM\SOFTWARE\Microsoft\Windows\CurrentVersion\Uninstall\Office365,REGISTRY,None
2026-04-22 02:07:06,7000,Registry Value Read: HKLM\SOFTWARE\Microsoft\Windows\CurrentVersion\Uninstall\Office365,REGISTRY,None
2026-04-22 02:08:06,7000,Registry Value Read: HKLM\SOFTWARE\Microsoft\Windows\CurrentVersion\Uninstall\Office365,REGISTRY,None
2026-04-22 02:09:06,7000,Registry Value Read: HKCU\Software\Microsoft\Windows\CurrentVersion\Explorer\RecentDocs,REGISTRY,None
2026-04-22 02:10:06,7000,Registry Value Read: HKLM\SOFTWARE\Microsoft\Windows\CurrentVersion\Uninstall\Office365,REGISTRY,None
2026-04-22 02:11:06,7000,Registry Value Read: HKLM\SOFTWARE\Microsoft\Windows\CurrentVersion\Uninstall\Office365,REGISTRY,None
2026-04-22 02:12:06,7000,Registry Value Read: HKLM\SOFTWARE\Microsoft\Windows\CurrentVersion\Uninstall\Office365,REGISTRY,None
2026-04-22 02:13:06,7000,Registry Value Read: HKCU\Software\Microsoft\Windows\CurrentVersion\Explorer\RecentDocs,REGISTRY,None
2026-04-22 02:14:06,7000,Registry Value Read: HKLM\SYSTEM\CurrentControlSet\Control\TimeZoneInformation,REGISTRY,None
2026-04-22 02:15:06,7000,Registry Value Read: HKLM\SYSTEM\CurrentControlSet\Control\TimeZoneInformation,REGISTRY,None
2026-04-22 02:16:06,7000,Registry Value Read: HKLM\SYSTEM\CurrentControlSet\Control\TimeZoneInformation,REGISTRY,None
2026-04-22 02:17:06,7000,Registry Value Read: HKCU\Software\Microsoft\Windows\CurrentVersion\Explorer\RecentDocs,REGISTRY,None
2026-04-22 02:18:06,7000,Registry Value Read: HKLM\SYSTEM\CurrentControlSet\Control\TimeZoneInformation,REGISTRY,None
2026-04-22 02:19:06,7000,Registry Value Read: HKLM\SOFTWARE\Microsoft\Windows\CurrentVersion\Uninstall\Office365,REGISTRY,None
2026-04-22 02:20:06,7000,Registry Value Read: HKLM\SOFTWARE\Microsoft\Windows\CurrentVersion\Uninstall\Office365,REGISTRY,None
2026-04-22 02:21:06,7000,Registry Value Read: HKLM\SOFTWARE\Microsoft\Windows\CurrentVersion\Uninstall\Office365,REGISTRY,None
2026-04-22 02:22:06,7000,Registry Value Read: HKLM\SOFTWARE\Microsoft\Windows\CurrentVersion\Uninstall\Office365,REGISTRY,None
2026-04-22 02:23:06,7000,Registry Value Read: HKLM\SYSTEM\CurrentControlSet\Control\TimeZoneInformation,REGISTRY,None
2026-04-22 02:24:06,7000,Registry Value Read: HKCU\Software\Microsoft\Windows\CurrentVersion\Explorer\RecentDocs,REGISTRY,None
2026-04-22 02:25:06,7000,Registry Value Read: HKLM\SOFTWARE\Microsoft\Windows\CurrentVersion\Uninstall\Office365,REGISTRY,None
2026-04-22 02:26:06,7000,Registry Value Read: HKLM\SOFTWARE\Microsoft\Windows\CurrentVersion\Uninstall\Office365,REGISTRY,None
2026-04-22 02:27:06,7000,Registry Value Read: HKCU\Software\Microsoft\Windows\CurrentVersion\Explorer\RecentDocs,REGISTRY,None
2026-04-22 02:28:06,7000,Registry Value Read: HKLM\SOFTWARE\Microsoft\Windows\CurrentVersion\Uninstall\Office365,REGISTRY,None
2026-04-22 02:29:06,7000,Registry Value Read: HKLM\SYSTEM\CurrentControlSet\Control\TimeZoneInformation,REGISTRY,None
2026-04-22 02:30:06,7000,Registry Value Read: HKCU\Software\Microsoft\Windows\CurrentVersion\Explorer\RecentDocs,REGISTRY,None
2026-04-22 02:31:06,7000,Registry Value Read: HKLM\SYSTEM\CurrentControlSet\Control\TimeZoneInformation,REGISTRY,None
2026-04-22 02:32:06,7000,Registry Value Read: HKCU\Software\Microsoft\Windows\CurrentVersion\Explorer\RecentDocs,REGISTRY,None
2026-04-22 02:33:06,7000,Registry Value Read: HKLM\SOFTWARE\Microsoft\Windows\CurrentVersion\Uninstall\Office365,REGISTRY,None
2026-04-22 02:34:06,7000,Registry Value Read: HKCU\Control Panel\Desktop\Wallpaper,REGISTRY,None
2026-04-22 02:35:06,7000,Registry Value Read: HKLM\SOFTWARE\Microsoft\Windows\CurrentVersion\Uninstall\Office365,REGISTRY,None
2026-04-22 02:36:06,7000,Registry Value Read: HKCU\Software\Microsoft\Windows\CurrentVersion\Explorer\RecentDocs,REGISTRY,None
2026-04-22 02:37:06,7000,Registry Value Read: HKLM\SYSTEM\CurrentControlSet\Control\TimeZoneInformation,REGISTRY,None
2026-04-22 02:38:06,7000,Registry Value Read: HKCU\Software\Microsoft\Windows\CurrentVersion\Explorer\RecentDocs,REGISTRY,None
2026-04-22 02:39:06,7000,Registry Value Read: HKLM\SYSTEM\CurrentControlSet\Control\TimeZoneInformation,REGISTRY,None
2026-04-22 02:40:06,7000,Registry Value Read: HKCU\Control Panel\Desktop\Wallpaper,REGISTRY,None
2026-04-22 02:41:06,7000,Registry Value Read: HKLM\SOFTWARE\Microsoft\Windows\CurrentVersion\Uninstall\Office365,REGISTRY,None
2026-04-22 02:42:06,7000,Registry Value Read: HKLM\SYSTEM\CurrentControlSet\Control\TimeZoneInformation,REGISTRY,None
2026-04-22 02:43:06,7000,Registry Value Read: HKLM\SOFTWARE\Microsoft\Windows\CurrentVersion\Uninstall\Office365,REGISTRY,None
2026-04-22 02:44:06,7000,Registry Value Read: HKCU\Software\Microsoft\Windows\CurrentVersion\Explorer\RecentDocs,REGISTRY,None
2026-04-22 02:45:06,7000,Registry Value Read: HKCU\Software\Microsoft\Windows\CurrentVersion\Explorer\RecentDocs,REGISTRY,None
2026-04-22 02:46:06,7000,Registry Value Read: HKCU\Software\Microsoft\Windows\CurrentVersion\Explorer\RecentDocs,REGISTRY,None
2026-04-22 02:47:06,7000,Registry Value Read: HKLM\SYSTEM\CurrentControlSet\Control\TimeZoneInformation,REGISTRY,None
2026-04-22 02:48:06,7000,Registry Value Read: HKLM\SOFTWARE\Microsoft\Windows\CurrentVersion\Uninstall\Office365,REGISTRY,None
2026-04-22 02:49:06,7000,Registry Value Read: HKCU\Control Panel\Desktop\Wallpaper,REGISTRY,None
2026-04-22 02:50:06,7000,Registry Value Read: HKLM\SYSTEM\CurrentControlSet\Control\TimeZoneInformation,REGISTRY,None
2026-04-22 02:51:06,7000,Registry Value Read: HKCU\Software\Microsoft\Windows\CurrentVersion\Explorer\RecentDocs,REGISTRY,None
2026-04-22 02:52:06,7000,Registry Value Read: HKCU\Control Panel\Desktop\Wallpaper,REGISTRY,None
2026-04-22 02:53:06,7000,Registry Value Read: HKCU\Control Panel\Desktop\Wallpaper,REGISTRY,None
2026-04-22 02:54:06,7000,Registry Value Read: HKLM\SOFTWARE\Microsoft\Windows\CurrentVersion\Uninstall\Office365,REGISTRY,None
2026-04-22 02:55:06,7000,Registry Value Read: HKLM\SYSTEM\CurrentControlSet\Control\TimeZoneInformation,REGISTRY,None
2026-04-22 02:56:06,7000,Registry Value Read: HKCU\Software\Microsoft\Windows\CurrentVersion\Explorer\RecentDocs,REGISTRY,None
2026-04-22 02:57:06,7000,Registry Value Read: HKLM\SOFTWARE\Microsoft\Windows\CurrentVersion\Uninstall\Office365,REGISTRY,None
2026-04-22 02:58:06,7000,Registry Value Read: HKCU\Control Panel\Desktop\Wallpaper,REGISTRY,None
2026-04-22 02:59:06,7000,Registry Value Read: HKCU\Software\Microsoft\Windows\CurrentVersion\Explorer\RecentDocs,REGISTRY,None
2026-04-22 03:00:06,7000,Registry Value Read: HKCU\Software\Microsoft\Windows\CurrentVersion\Explorer\RecentDocs,REGISTRY,None
2026-04-22 03:01:06,7000,Registry Value Read: HKLM\SYSTEM\CurrentControlSet\Control\TimeZoneInformation,REGISTRY,None
2026-04-22 03:02:06,7000,Registry Value Read: HKCU\Control Panel\Desktop\Wallpaper,REGISTRY,None
2026-04-22 03:03:06,7000,Registry Value Read: HKCU\Control Panel\Desktop\Wallpaper,REGISTRY,None
2026-04-22 03:04:06,7000,Registry Value Read: HKCU\Software\Microsoft\Windows\CurrentVersion\Explorer\RecentDocs,REGISTRY,None
2026-04-22 03:05:06,7000,Registry Value Read: HKLM\SYSTEM\CurrentControlSet\Control\TimeZoneInformation,REGISTRY,None
2026-04-22 03:06:06,7000,Registry Value Read: HKLM\SOFTWARE\Microsoft\Windows\CurrentVersion\Uninstall\Office365,REGISTRY,None
2026-04-22 03:07:06,7000,Registry Value Read: HKLM\SYSTEM\CurrentControlSet\Control\TimeZoneInformation,REGISTRY,None
2026-04-22 03:08:06,7000,Registry Value Read: HKLM\SYSTEM\CurrentControlSet\Control\TimeZoneInformation,REGISTRY,None
2026-04-22 03:09:06,7000,Registry Value Read: HKLM\SOFTWARE\Microsoft\Windows\CurrentVersion\Uninstall\Office365,REGISTRY,None
2026-04-22 03:10:06,7000,Registry Value Read: HKCU\Control Panel\Desktop\Wallpaper,REGISTRY,None
2026-04-22 03:11:06,7000,Registry Value Read: HKCU\Control Panel\Desktop\Wallpaper,REGISTRY,None
2026-04-22 03:12:06,7000,Registry Value Read: HKCU\Software\Microsoft\Windows\CurrentVersion\Explorer\RecentDocs,REGISTRY,None
2026-04-22 03:13:06,7000,Registry Value Read: HKCU\Software\Microsoft\Windows\CurrentVersion\Explorer\RecentDocs,REGISTRY,None
2026-04-22 03:14:06,7000,Registry Value Read: HKCU\Control Panel\Desktop\Wallpaper,REGISTRY,None
2026-04-22 03:15:06,7000,Registry Value Read: HKCU\Software\Microsoft\Windows\CurrentVersion\Explorer\RecentDocs,REGISTRY,None
2026-04-22 03:16:06,7000,Registry Value Read: HKCU\Software\Microsoft\Windows\CurrentVersion\Explorer\RecentDocs,REGISTRY,None
2026-04-22 03:17:06,7000,Registry Value Read: HKLM\SYSTEM\CurrentControlSet\Control\TimeZoneInformation,REGISTRY,None
2026-04-22 03:18:06,7000,Registry Value Read: HKLM\SOFTWARE\Microsoft\Windows\CurrentVersion\Uninstall\Office365,REGISTRY,None
2026-04-22 03:19:06,7000,Registry Value Read: HKCU\Control Panel\Desktop\Wallpaper,REGISTRY,None
2026-04-22 03:20:06,7000,Registry Value Read: HKLM\SOFTWARE\Microsoft\Windows\CurrentVersion\Uninstall\Office365,REGISTRY,None
2026-04-22 03:21:06,7000,Registry Value Read: HKCU\Control Panel\Desktop\Wallpaper,REGISTRY,None
2026-04-22 03:22:06,7000,Registry Value Read: HKCU\Software\Microsoft\Windows\CurrentVersion\Explorer\RecentDocs,REGISTRY,None
2026-04-22 03:23:06,7000,Registry Value Read: HKLM\SOFTWARE\Microsoft\Windows\CurrentVersion\Uninstall\Office365,REGISTRY,None
2026-04-22 03:24:06,7000,Registry Value Read: HKLM\SOFTWARE\Microsoft\Windows\CurrentVersion\Uninstall\Office365,REGISTRY,None
2026-04-22 03:25:06,7000,Registry Value Read: HKCU\Software\Microsoft\Windows\CurrentVersion\Explorer\RecentDocs,REGISTRY,None
2026-04-22 03:26:06,7000,Registry Value Read: HKLM\SYSTEM\CurrentControlSet\Control\TimeZoneInformation,REGISTRY,None
2026-04-22 03:27:06,7000,Registry Value Read: HKCU\Control Panel\Desktop\Wallpaper,REGISTRY,None
2026-04-22 03:28:06,7000,Registry Value Read: HKLM\SOFTWARE\Microsoft\Windows\CurrentVersion\Uninstall\Office365,REGISTRY,None
2026-04-22 03:29:06,7000,Registry Value Read: HKCU\Software\Microsoft\Windows\CurrentVersion\Explorer\RecentDocs,REGISTRY,None
2026-04-22 03:30:06,7000,Registry Value Read: HKCU\Control Panel\Desktop\Wallpaper,REGISTRY,None
2026-04-22 03:31:06,7000,Registry Value Read: HKLM\SYSTEM\CurrentControlSet\Control\TimeZoneInformation,REGISTRY,None
2026-04-22 03:32:06,7000,Registry Value Read: HKLM\SYSTEM\CurrentControlSet\Control\TimeZoneInformation,REGISTRY,None
2026-04-22 03:33:06,7000,Registry Value Read: HKLM\SOFTWARE\Microsoft\Windows\CurrentVersion\Uninstall\Office365,REGISTRY,None
2026-04-22 03:34:06,7000,Registry Value Read: HKCU\Software\Microsoft\Windows\CurrentVersion\Explorer\RecentDocs,REGISTRY,None
2026-04-22 03:35:06,7000,Registry Value Read: HKCU\Software\Microsoft\Windows\CurrentVersion\Explorer\RecentDocs,REGISTRY,None
2026-04-22 03:36:06,7000,Registry Value Read: HKLM\SYSTEM\CurrentControlSet\Control\TimeZoneInformation,REGISTRY,None
2026-04-22 03:37:06,7000,Registry Value Read: HKCU\Software\Microsoft\Windows\CurrentVersion\Explorer\RecentDocs,REGISTRY,None
2026-04-22 03:38:06,7000,Registry Value Read: HKCU\Software\Microsoft\Windows\CurrentVersion\Explorer\RecentDocs,REGISTRY,None
2026-04-22 03:39:06,7000,Registry Value Read: HKLM\SOFTWARE\Microsoft\Windows\CurrentVersion\Uninstall\Office365,REGISTRY,None
2026-04-22 03:40:06,7000,Registry Value Read: HKLM\SYSTEM\CurrentControlSet\Control\TimeZoneInformation,REGISTRY,None
2026-04-22 03:41:06,7000,Registry Value Read: HKCU\Software\Microsoft\Windows\CurrentVersion\Explorer\RecentDocs,REGISTRY,None
2026-04-22 03:42:06,7000,Registry Value Read: HKLM\SOFTWARE\Microsoft\Windows\CurrentVersion\Uninstall\Office365,REGISTRY,None
2026-04-22 03:43:06,7000,Registry Value Read: HKCU\Control Panel\Desktop\Wallpaper,REGISTRY,None
2026-04-22 03:44:06,7000,Registry Value Read: HKLM\SOFTWARE\Microsoft\Windows\CurrentVersion\Uninstall\Office365,REGISTRY,None
2026-04-22 03:45:06,7000,Registry Value Read: HKLM\SOFTWARE\Microsoft\Windows\CurrentVersion\Uninstall\Office365,REGISTRY,None
2026-04-22 03:46:06,7000,Registry Value Read: HKLM\SOFTWARE\Microsoft\Windows\CurrentVersion\Uninstall\Office365,REGISTRY,None
2026-04-22 03:47:06,7000,Registry Value Read: HKCU\Control Panel\Desktop\Wallpaper,REGISTRY,None
2026-04-22 03:48:06,7000,Registry Value Read: HKCU\Software\Microsoft\Windows\CurrentVersion\Explorer\RecentDocs,REGISTRY,None
2026-04-22 03:49:06,7000,Registry Value Read: HKCU\Control Panel\Desktop\Wallpaper,REGISTRY,None
2026-04-22 03:50:06,7000,Registry Value Read: HKCU\Software\Microsoft\Windows\CurrentVersion\Explorer\RecentDocs,REGISTRY,None
2026-04-22 03:51:06,7000,Registry Value Read: HKLM\SOFTWARE\Microsoft\Windows\CurrentVersion\Uninstall\Office365,REGISTRY,None
2026-04-22 03:52:06,7000,Registry Value Read: HKLM\SOFTWARE\Microsoft\Windows\CurrentVersion\Uninstall\Office365,REGISTRY,None
2026-04-22 03:53:06,7000,Registry Value Read: HKLM\SOFTWARE\Microsoft\Windows\CurrentVersion\Uninstall\Office365,REGISTRY,None
2026-04-22 03:54:06,7000,Registry Value Read: HKCU\Software\Microsoft\Windows\CurrentVersion\Explorer\RecentDocs,REGISTRY,None
2026-04-22 03:55:06,7000,Registry Value Read: HKCU\Software\Microsoft\Windows\CurrentVersion\Explorer\RecentDocs,REGISTRY,None
2026-04-22 03:56:06,7000,Registry Value Read: HKLM\SOFTWARE\Microsoft\Windows\CurrentVersion\Uninstall\Office365,REGISTRY,None
2026-04-22 03:57:06,7000,Registry Value Read: HKLM\SYSTEM\CurrentControlSet\Control\TimeZoneInformation,REGISTRY,None
2026-04-22 03:58:06,7000,Registry Value Read: HKCU\Control Panel\Desktop\Wallpaper,REGISTRY,None
2026-04-22 03:59:06,7000,Registry Value Read: HKLM\SOFTWARE\Microsoft\Windows\CurrentVersion\Uninstall\Office365,REGISTRY,None
2026-04-22 04:00:06,7000,Registry Value Read: HKLM\SOFTWARE\Microsoft\Windows\CurrentVersion\Uninstall\Office365,REGISTRY,None
2026-04-22 04:01:06,7000,Registry Value Read: HKCU\Control Panel\Desktop\Wallpaper,REGISTRY,None
2026-04-22 04:02:06,7000,Registry Value Read: HKCU\Control Panel\Desktop\Wallpaper,REGISTRY,None
2026-04-22 04:03:06,7000,Registry Value Read: HKLM\SYSTEM\CurrentControlSet\Control\TimeZoneInformation,REGISTRY,None
2026-04-22 04:04:06,7000,Registry Value Read: HKCU\Control Panel\Desktop\Wallpaper,REGISTRY,None
2026-04-22 04:05:06,7000,Registry Value Read: HKLM\SOFTWARE\Microsoft\Windows\CurrentVersion\Uninstall\Office365,REGISTRY,None
2026-04-22 04:06:06,7000,Registry Value Read: HKCU\Software\Microsoft\Windows\CurrentVersion\Explorer\RecentDocs,REGISTRY,None
2026-04-22 04:07:06,7000,Registry Value Read: HKLM\SOFTWARE\Microsoft\Windows\CurrentVersion\Uninstall\Office365,REGISTRY,None
2026-04-22 04:08:06,7000,Registry Value Read: HKLM\SOFTWARE\Microsoft\Windows\CurrentVersion\Uninstall\Office365,REGISTRY,None
2026-04-22 04:09:06,7000,Registry Value Read: HKCU\Software\Microsoft\Windows\CurrentVersion\Explorer\RecentDocs,REGISTRY,None
2026-04-22 04:10:06,7000,Registry Value Read: HKLM\SYSTEM\CurrentControlSet\Control\TimeZoneInformation,REGISTRY,None
2026-04-22 04:11:06,7000,Registry Value Read: HKCU\Software\Microsoft\Windows\CurrentVersion\Explorer\RecentDocs,REGISTRY,None
2026-04-22 04:12:06,7000,Registry Value Read: HKLM\SYSTEM\CurrentControlSet\Control\TimeZoneInformation,REGISTRY,None
2026-04-22 04:13:06,7000,Registry Value Read: HKLM\SOFTWARE\Microsoft\Windows\CurrentVersion\Uninstall\Office365,REGISTRY,None
2026-04-22 04:14:06,7000,Registry Value Read: HKCU\Control Panel\Desktop\Wallpaper,REGISTRY,None
2026-04-22 04:15:06,7000,Registry Value Read: HKLM\SOFTWARE\Microsoft\Windows\CurrentVersion\Uninstall\Office365,REGISTRY,None
2026-04-22 04:16:06,7000,Registry Value Read: HKCU\Software\Microsoft\Windows\CurrentVersion\Explorer\RecentDocs,REGISTRY,None
2026-04-22 04:17:06,7000,Registry Value Read: HKCU\Control Panel\Desktop\Wallpaper,REGISTRY,None
2026-04-22 04:18:06,7000,Registry Value Read: HKLM\SOFTWARE\Microsoft\Windows\CurrentVersion\Uninstall\Office365,REGISTRY,None
2026-04-22 04:19:06,7000,Registry Value Read: HKLM\SOFTWARE\Microsoft\Windows\CurrentVersion\Uninstall\Office365,REGISTRY,None
2026-04-22 04:20:06,7000,Registry Value Read: HKLM\SYSTEM\CurrentControlSet\Control\TimeZoneInformation,REGISTRY,None
2026-04-22 04:21:06,7000,Registry Value Read: HKLM\SOFTWARE\Microsoft\Windows\CurrentVersion\Uninstall\Office365,REGISTRY,None
2026-04-22 04:22:06,7000,Registry Value Read: HKCU\Control Panel\Desktop\Wallpaper,REGISTRY,None
2026-04-22 04:23:06,7000,Registry Value Read: HKCU\Software\Microsoft\Windows\CurrentVersion\Explorer\RecentDocs,REGISTRY,None
2026-04-22 04:24:06,7000,Registry Value Read: HKLM\SYSTEM\CurrentControlSet\Control\TimeZoneInformation,REGISTRY,None
2026-04-22 04:25:06,7000,Registry Value Read: HKCU\Software\Microsoft\Windows\CurrentVersion\Explorer\RecentDocs,REGISTRY,None
2026-04-22 04:26:06,7000,Registry Value Read: HKLM\SOFTWARE\Microsoft\Windows\CurrentVersion\Uninstall\Office365,REGISTRY,None
2026-04-22 04:27:06,7000,Registry Value Read: HKCU\Software\Microsoft\Windows\CurrentVersion\Explorer\RecentDocs,REGISTRY,None
2026-04-22 04:28:06,7000,Registry Value Read: HKLM\SYSTEM\CurrentControlSet\Control\TimeZoneInformation,REGISTRY,None
2026-04-22 04:29:06,7000,Registry Value Read: HKLM\SOFTWARE\Microsoft\Windows\CurrentVersion\Uninstall\Office365,REGISTRY,None
2026-04-22 04:30:06,7000,Registry Value Read: HKLM\SYSTEM\CurrentControlSet\Control\TimeZoneInformation,REGISTRY,None
2026-04-22 04:31:06,7000,Registry Value Read: HKCU\Control Panel\Desktop\Wallpaper,REGISTRY,None
2026-04-22 04:32:06,7000,Registry Value Read: HKCU\Software\Microsoft\Windows\CurrentVersion\Explorer\RecentDocs,REGISTRY,None
2026-04-22 04:33:06,7000,Registry Value Read: HKLM\SOFTWARE\Microsoft\Windows\CurrentVersion\Uninstall\Office365,REGISTRY,None
2026-04-22 04:34:06,7000,Registry Value Read: HKCU\Control Panel\Desktop\Wallpaper,REGISTRY,None
2026-04-22 04:35:06,7000,Registry Value Read: HKCU\Software\Microsoft\Windows\CurrentVersion\Explorer\RecentDocs,REGISTRY,None
2026-04-22 04:36:06,7000,Registry Value Read: HKLM\SOFTWARE\Microsoft\Windows\CurrentVersion\Uninstall\Office365,REGISTRY,None
2026-04-22 04:37:06,7000,Registry Value Read: HKCU\Software\Microsoft\Windows\CurrentVersion\Explorer\RecentDocs,REGISTRY,None
2026-04-22 04:38:06,7000,Registry Value Read: HKCU\Software\Microsoft\Windows\CurrentVersion\Explorer\RecentDocs,REGISTRY,None
2026-04-22 04:39:06,7000,Registry Value Read: HKLM\SYSTEM\CurrentControlSet\Control\TimeZoneInformation,REGISTRY,None
2026-04-22 04:40:06,7000,Registry Value Read: HKCU\Software\Microsoft\Windows\CurrentVersion\Explorer\RecentDocs,REGISTRY,None
2026-04-22 04:41:06,7000,Registry Value Read: HKLM\SYSTEM\CurrentControlSet\Control\TimeZoneInformation,REGISTRY,None
2026-04-22 04:42:06,7000,Registry Value Read: HKCU\Software\Microsoft\Windows\CurrentVersion\Explorer\RecentDocs,REGISTRY,None
2026-04-22 04:43:06,7000,Registry Value Read: HKCU\Software\Microsoft\Windows\CurrentVersion\Explorer\RecentDocs,REGISTRY,None
2026-04-22 04:44:06,7000,Registry Value Read: HKCU\Control Panel\Desktop\Wallpaper,REGISTRY,None
2026-04-22 04:45:06,7000,Registry Value Read: HKLM\SOFTWARE\Microsoft\Windows\CurrentVersion\Uninstall\Office365,REGISTRY,None
2026-04-22 04:46:06,7000,Registry Value Read: HKLM\SOFTWARE\Microsoft\Windows\CurrentVersion\Uninstall\Office365,REGISTRY,None
2026-04-22 04:47:06,7000,Registry Value Read: HKLM\SYSTEM\CurrentControlSet\Control\TimeZoneInformation,REGISTRY,None
2026-04-22 04:48:06,7000,Registry Value Read: HKLM\SOFTWARE\Microsoft\Windows\CurrentVersion\Uninstall\Office365,REGISTRY,None
2026-04-22 04:49:06,7000,Registry Value Read: HKLM\SYSTEM\CurrentControlSet\Control\TimeZoneInformation,REGISTRY,None
2026-04-22 04:50:06,7000,Registry Value Read: HKCU\Software\Microsoft\Windows\CurrentVersion\Explorer\RecentDocs,REGISTRY,None
2026-04-22 04:51:06,7000,Registry Value Read: HKLM\SOFTWARE\Microsoft\Windows\CurrentVersion\Uninstall\Office365,REGISTRY,None
2026-04-22 04:52:06,7000,Registry Value Read: HKLM\SYSTEM\CurrentControlSet\Control\TimeZoneInformation,REGISTRY,None
2026-04-22 04:53:06,7000,Registry Value Read: HKCU\Control Panel\Desktop\Wallpaper,REGISTRY,None
2026-04-22 04:54:06,7000,Registry Value Read: HKCU\Control Panel\Desktop\Wallpaper,REGISTRY,None
2026-04-22 04:55:06,7000,Registry Value Read: HKLM\SOFTWARE\Microsoft\Windows\CurrentVersion\Uninstall\Office365,REGISTRY,None
2026-04-22 04:56:06,7000,Registry Value Read: HKLM\SYSTEM\CurrentControlSet\Control\TimeZoneInformation,REGISTRY,None
2026-04-22 04:57:06,7000,Registry Value Read: HKLM\SYSTEM\CurrentControlSet\Control\TimeZoneInformation,REGISTRY,None
2026-04-22 04:58:06,7000,Registry Value Read: HKCU\Control Panel\Desktop\Wallpaper,REGISTRY,None
2026-04-22 04:59:06,7000,Registry Value Read: HKCU\Software\Microsoft\Windows\CurrentVersion\Explorer\RecentDocs,REGISTRY,None
2026-04-22 05:00:06,7000,Registry Value Read: HKLM\SOFTWARE\Microsoft\Windows\CurrentVersion\Uninstall\Office365,REGISTRY,None
2026-04-22 05:01:06,7000,Registry Value Read: HKLM\SYSTEM\CurrentControlSet\Control\TimeZoneInformation,REGISTRY,None
2026-04-22 05:02:06,7000,Registry Value Read: HKLM\SYSTEM\CurrentControlSet\Control\TimeZoneInformation,REGISTRY,None
2026-04-22 05:03:06,7000,Registry Value Read: HKLM\SYSTEM\CurrentControlSet\Control\TimeZoneInformation,REGISTRY,None
2026-04-22 05:04:06,7000,Registry Value Read: HKCU\Software\Microsoft\Windows\CurrentVersion\Explorer\RecentDocs,REGISTRY,None
2026-04-22 05:05:06,7000,Registry Value Read: HKCU\Control Panel\Desktop\Wallpaper,REGISTRY,None
2026-04-22 05:06:06,7000,Registry Value Read: HKCU\Control Panel\Desktop\Wallpaper,REGISTRY,None
2026-04-22 05:07:06,7000,Registry Value Read: HKCU\Control Panel\Desktop\Wallpaper,REGISTRY,None
2026-04-22 05:08:06,7000,Registry Value Read: HKCU\Control Panel\Desktop\Wallpaper,REGISTRY,None
2026-04-22 05:09:06,7000,Registry Value Read: HKLM\SYSTEM\CurrentControlSet\Control\TimeZoneInformation,REGISTRY,None
2026-04-22 05:10:06,7000,Registry Value Read: HKCU\Software\Microsoft\Windows\CurrentVersion\Explorer\RecentDocs,REGISTRY,None
2026-04-22 05:11:06,7000,Registry Value Read: HKCU\Software\Microsoft\Windows\CurrentVersion\Explorer\RecentDocs,REGISTRY,None
2026-04-22 05:12:06,7000,Registry Value Read: HKLM\SYSTEM\CurrentControlSet\Control\TimeZoneInformation,REGISTRY,None
2026-04-22 05:13:06,7000,Registry Value Read: HKLM\SOFTWARE\Microsoft\Windows\CurrentVersion\Uninstall\Office365,REGISTRY,None
2026-04-22 05:14:06,7000,Registry Value Read: HKCU\Control Panel\Desktop\Wallpaper,REGISTRY,None
2026-04-22 05:15:06,7000,Registry Value Read: HKLM\SYSTEM\CurrentControlSet\Control\TimeZoneInformation,REGISTRY,None
2026-04-22 05:16:06,7000,Registry Value Read: HKCU\Control Panel\Desktop\Wallpaper,REGISTRY,None
2026-04-22 05:17:06,7000,Registry Value Read: HKLM\SOFTWARE\Microsoft\Windows\CurrentVersion\Uninstall\Office365,REGISTRY,None
2026-04-22 05:18:06,7000,Registry Value Read: HKCU\Control Panel\Desktop\Wallpaper,REGISTRY,None
2026-04-22 05:19:06,7000,Registry Value Read: HKCU\Software\Microsoft\Windows\CurrentVersion\Explorer\RecentDocs,REGISTRY,None
2026-04-22 05:20:06,7000,Registry Value Read: HKCU\Control Panel\Desktop\Wallpaper,REGISTRY,None
2026-04-22 05:21:06,7000,Registry Value Read: HKCU\Software\Microsoft\Windows\CurrentVersion\Explorer\RecentDocs,REGISTRY,None
2026-04-22 05:22:06,7000,Registry Value Read: HKCU\Software\Microsoft\Windows\CurrentVersion\Explorer\RecentDocs,REGISTRY,None
2026-04-22 05:23:06,7000,Registry Value Read: HKLM\SYSTEM\CurrentControlSet\Control\TimeZoneInformation,REGISTRY,None
2026-04-22 05:24:06,7000,Registry Value Read: HKCU\Control Panel\Desktop\Wallpaper,REGISTRY,None
2026-04-22 05:25:06,7000,Registry Value Read: HKCU\Software\Microsoft\Windows\CurrentVersion\Explorer\RecentDocs,REGISTRY,None
2026-04-22 05:26:06,7000,Registry Value Read: HKLM\SYSTEM\CurrentControlSet\Control\TimeZoneInformation,REGISTRY,None
2026-04-22 05:27:06,7000,Registry Value Read: HKCU\Control Panel\Desktop\Wallpaper,REGISTRY,None
2026-04-22 05:28:06,7000,Registry Value Read: HKCU\Control Panel\Desktop\Wallpaper,REGISTRY,None
2026-04-22 05:29:06,7000,Registry Value Read: HKLM\SYSTEM\CurrentControlSet\Control\TimeZoneInformation,REGISTRY,None
2026-04-22 05:30:06,7000,Registry Value Read: HKCU\Control Panel\Desktop\Wallpaper,REGISTRY,None
2026-04-22 05:31:06,7000,Registry Value Read: HKLM\SYSTEM\CurrentControlSet\Control\TimeZoneInformation,REGISTRY,None
2026-04-22 05:32:06,7000,Registry Value Read: HKLM\SOFTWARE\Microsoft\Windows\CurrentVersion\Uninstall\Office365,REGISTRY,None
2026-04-22 05:33:06,7000,Registry Value Read: HKCU\Control Panel\Desktop\Wallpaper,REGISTRY,None
2026-04-22 05:34:06,7000,Registry Value Read: HKCU\Control Panel\Desktop\Wallpaper,REGISTRY,None
2026-04-22 05:35:06,7000,Registry Value Read: HKCU\Software\Microsoft\Windows\CurrentVersion\Explorer\RecentDocs,REGISTRY,None
2026-04-22 05:36:06,7000,Registry Value Read: HKCU\Software\Microsoft\Windows\CurrentVersion\Explorer\RecentDocs,REGISTRY,None
2026-04-22 05:37:06,7000,Registry Value Read: HKLM\SOFTWARE\Microsoft\Windows\CurrentVersion\Uninstall\Office365,REGISTRY,None
2026-04-22 05:38:06,7000,Registry Value Read: HKLM\SOFTWARE\Microsoft\Windows\CurrentVersion\Uninstall\Office365,REGISTRY,None
2026-04-22 05:39:06,7000,Registry Value Read: HKCU\Software\Microsoft\Windows\CurrentVersion\Explorer\RecentDocs,REGISTRY,None
2026-04-22 05:40:06,7000,Registry Value Read: HKLM\SYSTEM\CurrentControlSet\Control\TimeZoneInformation,REGISTRY,None
2026-04-22 05:41:06,7000,Registry Value Read: HKCU\Control Panel\Desktop\Wallpaper,REGISTRY,None
2026-04-22 05:42:06,7000,Registry Value Read: HKLM\SYSTEM\CurrentControlSet\Control\TimeZoneInformation,REGISTRY,None
2026-04-22 05:43:06,7000,Registry Value Read: HKCU\Software\Microsoft\Windows\CurrentVersion\Explorer\RecentDocs,REGISTRY,None
2026-04-22 05:44:06,7000,Registry Value Read: HKLM\SYSTEM\CurrentControlSet\Control\TimeZoneInformation,REGISTRY,None
2026-04-22 05:45:06,7000,Registry Value Read: HKLM\SYSTEM\CurrentControlSet\Control\TimeZoneInformation,REGISTRY,None
2026-04-22 05:46:06,7000,Registry Value Read: HKCU\Control Panel\Desktop\Wallpaper,REGISTRY,None
2026-04-22 05:47:06,7000,Registry Value Read: HKLM\SOFTWARE\Microsoft\Windows\CurrentVersion\Uninstall\Office365,REGISTRY,None
2026-04-22 05:48:06,7000,Registry Value Read: HKLM\SOFTWARE\Microsoft\Windows\CurrentVersion\Uninstall\Office365,REGISTRY,None
2026-04-22 05:49:06,7000,Registry Value Read: HKLM\SOFTWARE\Microsoft\Windows\CurrentVersion\Uninstall\Office365,REGISTRY,None
2026-04-22 05:50:06,7000,Registry Value Read: HKLM\SOFTWARE\Microsoft\Windows\CurrentVersion\Uninstall\Office365,REGISTRY,None
2026-04-22 05:51:06,7000,Registry Value Read: HKLM\SOFTWARE\Microsoft\Windows\CurrentVersion\Uninstall\Office365,REGISTRY,None
2026-04-22 05:52:06,7000,Registry Value Read: HKLM\SOFTWARE\Microsoft\Windows\CurrentVersion\Uninstall\Office365,REGISTRY,None
2026-04-22 05:53:06,7000,Registry Value Read: HKCU\Software\Microsoft\Windows\CurrentVersion\Explorer\RecentDocs,REGISTRY,None
2026-04-22 05:54:06,7000,Registry Value Read: HKCU\Control Panel\Desktop\Wallpaper,REGISTRY,None
2026-04-22 05:55:06,7000,Registry Value Read: HKLM\SOFTWARE\Microsoft\Windows\CurrentVersion\Uninstall\Office365,REGISTRY,None
2026-04-22 05:56:06,7000,Registry Value Read: HKCU\Control Panel\Desktop\Wallpaper,REGISTRY,None
2026-04-22 05:57:06,7000,Registry Value Read: HKCU\Control Panel\Desktop\Wallpaper,REGISTRY,None
2026-04-22 05:58:06,7000,Registry Value Read: HKLM\SOFTWARE\Microsoft\Windows\CurrentVersion\Uninstall\Office365,REGISTRY,None
2026-04-22 05:59:06,7000,Registry Value Read: HKLM\SYSTEM\CurrentControlSet\Control\TimeZoneInformation,REGISTRY,None
2026-04-22 06:00:06,7000,Registry Value Read: HKCU\Software\Microsoft\Windows\CurrentVersion\Explorer\RecentDocs,REGISTRY,None
2026-04-22 06:01:06,7000,Registry Value Read: HKLM\SOFTWARE\Microsoft\Windows\CurrentVersion\Uninstall\Office365,REGISTRY,None
2026-04-22 06:02:06,7000,Registry Value Read: HKLM\SOFTWARE\Microsoft\Windows\CurrentVersion\Uninstall\Office365,REGISTRY,None
2026-04-22 06:03:06,7000,Registry Value Read: HKCU\Control Panel\Desktop\Wallpaper,REGISTRY,None
2026-04-22 06:04:06,7000,Registry Value Read: HKCU\Control Panel\Desktop\Wallpaper,REGISTRY,None
2026-04-22 06:05:06,7000,Registry Value Read: HKLM\SOFTWARE\Microsoft\Windows\CurrentVersion\Uninstall\Office365,REGISTRY,None
2026-04-22 06:06:06,7000,Registry Value Read: HKLM\SYSTEM\CurrentControlSet\Control\TimeZoneInformation,REGISTRY,None
2026-04-22 06:07:06,7000,Registry Value Read: HKLM\SYSTEM\CurrentControlSet\Control\TimeZoneInformation,REGISTRY,None
2026-04-22 06:08:06,7000,Registry Value Read: HKCU\Control Panel\Desktop\Wallpaper,REGISTRY,None
2026-04-22 06:09:06,7000,Registry Value Read: HKCU\Software\Microsoft\Windows\CurrentVersion\Explorer\RecentDocs,REGISTRY,None
2026-04-22 06:10:06,7000,Registry Value Read: HKLM\SOFTWARE\Microsoft\Windows\CurrentVersion\Uninstall\Office365,REGISTRY,None
2026-04-22 06:11:06,7000,Registry Value Read: HKLM\SYSTEM\CurrentControlSet\Control\TimeZoneInformation,REGISTRY,None
2026-04-22 06:12:06,7000,Registry Value Read: HKLM\SYSTEM\CurrentControlSet\Control\TimeZoneInformation,REGISTRY,None
2026-04-22 06:13:06,7000,Registry Value Read: HKCU\Software\Microsoft\Windows\CurrentVersion\Explorer\RecentDocs,REGISTRY,None
2026-04-22 06:14:06,7000,Registry Value Read: HKCU\Control Panel\Desktop\Wallpaper,REGISTRY,None
2026-04-22 06:15:06,7000,Registry Value Read: HKCU\Control Panel\Desktop\Wallpaper,REGISTRY,None
2026-04-22 06:16:06,7000,Registry Value Read: HKLM\SOFTWARE\Microsoft\Windows\CurrentVersion\Uninstall\Office365,REGISTRY,None
2026-04-22 06:17:06,7000,Registry Value Read: HKLM\SOFTWARE\Microsoft\Windows\CurrentVersion\Uninstall\Office365,REGISTRY,None
2026-04-22 06:18:06,7000,Registry Value Read: HKCU\Software\Microsoft\Windows\CurrentVersion\Explorer\RecentDocs,REGISTRY,None
2026-04-22 06:19:06,7000,Registry Value Read: HKCU\Control Panel\Desktop\Wallpaper,REGISTRY,None
2026-04-22 06:20:06,7000,Registry Value Read: HKCU\Software\Microsoft\Windows\CurrentVersion\Explorer\RecentDocs,REGISTRY,None
2026-04-22 06:21:06,7000,Registry Value Read: HKLM\SOFTWARE\Microsoft\Windows\CurrentVersion\Uninstall\Office365,REGISTRY,None
2026-04-22 06:22:06,7000,Registry Value Read: HKLM\SYSTEM\CurrentControlSet\Control\TimeZoneInformation,REGISTRY,None
2026-04-22 06:23:06,7000,Registry Value Read: HKLM\SYSTEM\CurrentControlSet\Control\TimeZoneInformation,REGISTRY,None
2026-04-22 06:24:06,7000,Registry Value Read: HKLM\SYSTEM\CurrentControlSet\Control\TimeZoneInformation,REGISTRY,None
2026-04-22 06:25:06,7000,Registry Value Read: HKCU\Software\Microsoft\Windows\CurrentVersion\Explorer\RecentDocs,REGISTRY,None
2026-04-22 06:26:06,7000,Registry Value Read: HKLM\SOFTWARE\Microsoft\Windows\CurrentVersion\Uninstall\Office365,REGISTRY,None
2026-04-22 06:27:06,7000,Registry Value Read: HKCU\Software\Microsoft\Windows\CurrentVersion\Explorer\RecentDocs,REGISTRY,None
2026-04-22 06:28:06,7000,Registry Value Read: HKCU\Control Panel\Desktop\Wallpaper,REGISTRY,None
2026-04-22 06:29:06,7000,Registry Value Read: HKCU\Control Panel\Desktop\Wallpaper,REGISTRY,None
2026-04-22 06:30:06,7000,Registry Value Read: HKLM\SYSTEM\CurrentControlSet\Control\TimeZoneInformation,REGISTRY,None
2026-04-22 06:31:06,7000,Registry Value Read: HKLM\SYSTEM\CurrentControlSet\Control\TimeZoneInformation,REGISTRY,None
2026-04-22 06:32:06,7000,Registry Value Read: HKLM\SYSTEM\CurrentControlSet\Control\TimeZoneInformation,REGISTRY,None
2026-04-22 06:33:06,7000,Registry Value Read: HKLM\SOFTWARE\Microsoft\Windows\CurrentVersion\Uninstall\Office365,REGISTRY,None
2026-04-22 06:34:06,7000,Registry Value Read: HKLM\SOFTWARE\Microsoft\Windows\CurrentVersion\Uninstall\Office365,REGISTRY,None
2026-04-22 06:35:06,7000,Registry Value Read: HKLM\SYSTEM\CurrentControlSet\Control\TimeZoneInformation,REGISTRY,None
2026-04-22 06:36:06,7000,Registry Value Read: HKLM\SYSTEM\CurrentControlSet\Control\TimeZoneInformation,REGISTRY,None
2026-04-22 06:37:06,7000,Registry Value Read: HKLM\SOFTWARE\Microsoft\Windows\CurrentVersion\Uninstall\Office365,REGISTRY,None
2026-04-22 06:38:06,7000,Registry Value Read: HKLM\SOFTWARE\Microsoft\Windows\CurrentVersion\Uninstall\Office365,REGISTRY,None
2026-04-22 06:39:06,7000,Registry Value Read: HKLM\SYSTEM\CurrentControlSet\Control\TimeZoneInformation,REGISTRY,None
2026-04-22 06:40:06,7000,Registry Value Read: HKCU\Control Panel\Desktop\Wallpaper,REGISTRY,None
2026-04-22 06:41:06,7000,Registry Value Read: HKCU\Control Panel\Desktop\Wallpaper,REGISTRY,None
2026-04-22 06:42:06,7000,Registry Value Read: HKLM\SOFTWARE\Microsoft\Windows\CurrentVersion\Uninstall\Office365,REGISTRY,None
2026-04-22 06:43:06,7000,Registry Value Read: HKCU\Control Panel\Desktop\Wallpaper,REGISTRY,None
2026-04-22 06:44:06,7000,Registry Value Read: HKCU\Control Panel\Desktop\Wallpaper,REGISTRY,None
2026-04-22 06:45:06,7000,Registry Value Read: HKCU\Software\Microsoft\Windows\CurrentVersion\Explorer\RecentDocs,REGISTRY,None
2026-04-22 06:46:06,7000,Registry Value Read: HKLM\SYSTEM\CurrentControlSet\Control\TimeZoneInformation,REGISTRY,None
2026-04-22 06:47:06,7000,Registry Value Read: HKLM\SYSTEM\CurrentControlSet\Control\TimeZoneInformation,REGISTRY,None
2026-04-22 06:48:06,7000,Registry Value Read: HKLM\SYSTEM\CurrentControlSet\Control\TimeZoneInformation,REGISTRY,None
2026-04-22 06:49:06,7000,Registry Value Read: HKLM\SOFTWARE\Microsoft\Windows\CurrentVersion\Uninstall\Office365,REGISTRY,None
2026-04-22 06:50:06,7000,Registry Value Read: HKCU\Software\Microsoft\Windows\CurrentVersion\Explorer\RecentDocs,REGISTRY,None
2026-04-22 06:51:06,7000,Registry Value Read: HKLM\SYSTEM\CurrentControlSet\Control\TimeZoneInformation,REGISTRY,None
2026-04-22 06:52:06,7000,Registry Value Read: HKLM\SYSTEM\CurrentControlSet\Control\TimeZoneInformation,REGISTRY,None
2026-04-22 06:53:06,7000,Registry Value Read: HKCU\Software\Microsoft\Windows\CurrentVersion\Explorer\RecentDocs,REGISTRY,None
2026-04-22 06:54:06,7000,Registry Value Read: HKCU\Control Panel\Desktop\Wallpaper,REGISTRY,None
2026-04-22 06:55:06,7000,Registry Value Read: HKLM\SYSTEM\CurrentControlSet\Control\TimeZoneInformation,REGISTRY,None
2026-04-22 06:56:06,7000,Registry Value Read: HKCU\Control Panel\Desktop\Wallpaper,REGISTRY,None
2026-04-22 06:57:06,7000,Registry Value Read: HKLM\SOFTWARE\Microsoft\Windows\CurrentVersion\Uninstall\Office365,REGISTRY,None
2026-04-22 06:58:06,7000,Registry Value Read: HKLM\SOFTWARE\Microsoft\Windows\CurrentVersion\Uninstall\Office365,REGISTRY,None
2026-04-22 06:59:06,7000,Registry Value Read: HKLM\SOFTWARE\Microsoft\Windows\CurrentVersion\Uninstall\Office365,REGISTRY,None
2026-04-22 07:00:06,7000,Registry Value Read: HKLM\SYSTEM\CurrentControlSet\Control\TimeZoneInformation,REGISTRY,None
2026-04-22 07:01:06,7000,Registry Value Read: HKLM\SOFTWARE\Microsoft\Windows\CurrentVersion\Uninstall\Office365,REGISTRY,None
2026-04-22 07:02:06,7000,Registry Value Read: HKLM\SYSTEM\CurrentControlSet\Control\TimeZoneInformation,REGISTRY,None
2026-04-22 07:03:06,7000,Registry Value Read: HKLM\SOFTWARE\Microsoft\Windows\CurrentVersion\Uninstall\Office365,REGISTRY,None
2026-04-22 07:04:06,7000,Registry Value Read: HKCU\Control Panel\Desktop\Wallpaper,REGISTRY,None
2026-04-22 07:05:06,7000,Registry Value Read: HKLM\SOFTWARE\Microsoft\Windows\CurrentVersion\Uninstall\Office365,REGISTRY,None
2026-04-22 07:06:06,7000,Registry Value Read: HKLM\SYSTEM\CurrentControlSet\Control\TimeZoneInformation,REGISTRY,None
2026-04-22 07:07:06,7000,Registry Value Read: HKLM\SYSTEM\CurrentControlSet\Control\TimeZoneInformation,REGISTRY,None
2026-04-22 07:08:06,7000,Registry Value Read: HKCU\Control Panel\Desktop\Wallpaper,REGISTRY,None
2026-04-22 07:09:06,7000,Registry Value Read: HKLM\SYSTEM\CurrentControlSet\Control\TimeZoneInformation,REGISTRY,None
2026-04-22 07:10:06,7000,Registry Value Read: HKLM\SYSTEM\CurrentControlSet\Control\TimeZoneInformation,REGISTRY,None
2026-04-22 07:11:06,7000,Registry Value Read: HKLM\SOFTWARE\Microsoft\Windows\CurrentVersion\Uninstall\Office365,REGISTRY,None
2026-04-22 07:12:06,7000,Registry Value Read: HKLM\SYSTEM\CurrentControlSet\Control\TimeZoneInformation,REGISTRY,None
2026-04-22 07:13:06,7000,Registry Value Read: HKLM\SOFTWARE\Microsoft\Windows\CurrentVersion\Uninstall\Office365,REGISTRY,None
2026-04-22 07:14:06,7000,Registry Value Read: HKCU\Control Panel\Desktop\Wallpaper,REGISTRY,None
2026-04-22 07:15:06,7000,Registry Value Read: HKLM\SOFTWARE\Microsoft\Windows\CurrentVersion\Uninstall\Office365,REGISTRY,None
2026-04-22 07:16:06,7000,Registry Value Read: HKLM\SOFTWARE\Microsoft\Windows\CurrentVersion\Uninstall\Office365,REGISTRY,None
2026-04-22 07:17:06,7000,Registry Value Read: HKCU\Control Panel\Desktop\Wallpaper,REGISTRY,None
2026-04-22 07:18:06,7000,Registry Value Read: HKCU\Software\Microsoft\Windows\CurrentVersion\Explorer\RecentDocs,REGISTRY,None
2026-04-22 07:19:06,7000,Registry Value Read: HKLM\SOFTWARE\Microsoft\Windows\CurrentVersion\Uninstall\Office365,REGISTRY,None
2026-04-22 07:20:06,7000,Registry Value Read: HKCU\Software\Microsoft\Windows\CurrentVersion\Explorer\RecentDocs,REGISTRY,None
2026-04-22 07:21:06,7000,Registry Value Read: HKCU\Control Panel\Desktop\Wallpaper,REGISTRY,None
2026-04-22 07:22:06,7000,Registry Value Read: HKCU\Software\Microsoft\Windows\CurrentVersion\Explorer\RecentDocs,REGISTRY,None
2026-04-22 07:23:06,7000,Registry Value Read: HKLM\SOFTWARE\Microsoft\Windows\CurrentVersion\Uninstall\Office365,REGISTRY,None
2026-04-22 07:24:06,7000,Registry Value Read: HKLM\SOFTWARE\Microsoft\Windows\CurrentVersion\Uninstall\Office365,REGISTRY,None
2026-04-22 07:25:06,7000,Registry Value Read: HKLM\SYSTEM\CurrentControlSet\Control\TimeZoneInformation,REGISTRY,None
2026-04-22 07:26:06,7000,Registry Value Read: HKLM\SOFTWARE\Microsoft\Windows\CurrentVersion\Uninstall\Office365,REGISTRY,None
2026-04-22 07:27:06,7000,Registry Value Read: HKLM\SOFTWARE\Microsoft\Windows\CurrentVersion\Uninstall\Office365,REGISTRY,None
2026-04-22 07:28:06,7000,Registry Value Read: HKLM\SYSTEM\CurrentControlSet\Control\TimeZoneInformation,REGISTRY,None
2026-04-22 07:29:06,7000,Registry Value Read: HKCU\Control Panel\Desktop\Wallpaper,REGISTRY,None
2026-04-22 07:30:06,7000,Registry Value Read: HKLM\SOFTWARE\Microsoft\Windows\CurrentVersion\Uninstall\Office365,REGISTRY,None
2026-04-22 07:31:06,7000,Registry Value Read: HKLM\SYSTEM\CurrentControlSet\Control\TimeZoneInformation,REGISTRY,None
2026-04-22 07:32:06,7000,Registry Value Read: HKLM\SYSTEM\CurrentControlSet\Control\TimeZoneInformation,REGISTRY,None
2026-04-22 07:33:06,7000,Registry Value Read: HKLM\SOFTWARE\Microsoft\Windows\CurrentVersion\Uninstall\Office365,REGISTRY,None
2026-04-22 07:34:06,7000,Registry Value Read: HKCU\Software\Microsoft\Windows\CurrentVersion\Explorer\RecentDocs,REGISTRY,None
2026-04-22 07:35:06,7000,Registry Value Read: HKLM\SOFTWARE\Microsoft\Windows\CurrentVersion\Uninstall\Office365,REGISTRY,None
2026-04-22 07:36:06,7000,Registry Value Read: HKCU\Control Panel\Desktop\Wallpaper,REGISTRY,None
2026-04-22 07:37:06,7000,Registry Value Read: HKLM\SOFTWARE\Microsoft\Windows\CurrentVersion\Uninstall\Office365,REGISTRY,None
2026-04-22 07:38:06,7000,Registry Value Read: HKLM\SOFTWARE\Microsoft\Windows\CurrentVersion\Uninstall\Office365,REGISTRY,None
2026-04-22 07:39:06,7000,Registry Value Read: HKLM\SYSTEM\CurrentControlSet\Control\TimeZoneInformation,REGISTRY,None
2026-04-22 07:40:06,7000,Registry Value Read: HKCU\Software\Microsoft\Windows\CurrentVersion\Explorer\RecentDocs,REGISTRY,None
2026-04-22 07:41:06,7000,Registry Value Read: HKLM\SYSTEM\CurrentControlSet\Control\TimeZoneInformation,REGISTRY,None
2026-04-22 07:42:06,7000,Registry Value Read: HKLM\SOFTWARE\Microsoft\Windows\CurrentVersion\Uninstall\Office365,REGISTRY,None
2026-04-22 07:43:06,7000,Registry Value Read: HKLM\SYSTEM\CurrentControlSet\Control\TimeZoneInformation,REGISTRY,None
2026-04-22 07:44:06,7000,Registry Value Read: HKCU\Control Panel\Desktop\Wallpaper,REGISTRY,None
2026-04-22 07:45:06,7000,Registry Value Read: HKLM\SYSTEM\CurrentControlSet\Control\TimeZoneInformation,REGISTRY,None
2026-04-22 07:46:06,7000,Registry Value Read: HKCU\Control Panel\Desktop\Wallpaper,REGISTRY,None
2026-04-22 07:47:06,7000,Registry Value Read: HKCU\Software\Microsoft\Windows\CurrentVersion\Explorer\RecentDocs,REGISTRY,None
2026-04-22 07:48:06,7000,Registry Value Read: HKLM\SYSTEM\CurrentControlSet\Control\TimeZoneInformation,REGISTRY,None
2026-04-22 07:49:06,7000,Registry Value Read: HKCU\Control Panel\Desktop\Wallpaper,REGISTRY,None
2026-04-22 07:50:06,7000,Registry Value Read: HKCU\Control Panel\Desktop\Wallpaper,REGISTRY,None
2026-04-22 07:51:06,7000,Registry Value Read: HKLM\SOFTWARE\Microsoft\Windows\CurrentVersion\Uninstall\Office365,REGISTRY,None
2026-04-22 07:52:06,7000,Registry Value Read: HKCU\Software\Microsoft\Windows\CurrentVersion\Explorer\RecentDocs,REGISTRY,None
2026-04-22 07:53:06,7000,Registry Value Read: HKCU\Control Panel\Desktop\Wallpaper,REGISTRY,None
2026-04-22 07:54:06,7000,Registry Value Read: HKLM\SOFTWARE\Microsoft\Windows\CurrentVersion\Uninstall\Office365,REGISTRY,None
2026-04-22 07:55:06,7000,Registry Value Read: HKCU\Software\Microsoft\Windows\CurrentVersion\Explorer\RecentDocs,REGISTRY,None
2026-04-22 07:56:06,7000,Registry Value Read: HKCU\Control Panel\Desktop\Wallpaper,REGISTRY,None
2026-04-22 07:57:06,7000,Registry Value Read: HKLM\SOFTWARE\Microsoft\Windows\CurrentVersion\Uninstall\Office365,REGISTRY,None
2026-04-22 07:58:06,7000,Registry Value Read: HKCU\Control Panel\Desktop\Wallpaper,REGISTRY,None
2026-04-22 07:59:06,7000,Registry Value Read: HKCU\Control Panel\Desktop\Wallpaper,REGISTRY,None
2026-04-22 08:00:06,7000,Registry Value Read: HKCU\Software\Microsoft\Windows\CurrentVersion\Explorer\RecentDocs,REGISTRY,None
2026-04-22 08:01:06,7000,Registry Value Read: HKLM\SYSTEM\CurrentControlSet\Control\TimeZoneInformation,REGISTRY,None
2026-04-22 08:02:06,7000,Registry Value Read: HKLM\SYSTEM\CurrentControlSet\Control\TimeZoneInformation,REGISTRY,None
2026-04-22 08:03:06,7000,Registry Value Read: HKCU\Software\Microsoft\Windows\CurrentVersion\Explorer\RecentDocs,REGISTRY,None
2026-04-22 08:04:06,7000,Registry Value Read: HKLM\SYSTEM\CurrentControlSet\Control\TimeZoneInformation,REGISTRY,None
2026-04-22 08:05:06,7000,Registry Value Read: HKCU\Control Panel\Desktop\Wallpaper,REGISTRY,None
2026-04-22 08:06:06,7000,Registry Value Read: HKLM\SOFTWARE\Microsoft\Windows\CurrentVersion\Uninstall\Office365,REGISTRY,None
2026-04-22 08:07:06,7000,Registry Value Read: HKLM\SOFTWARE\Microsoft\Windows\CurrentVersion\Uninstall\Office365,REGISTRY,None
2026-04-22 08:08:06,7000,Registry Value Read: HKLM\SOFTWARE\Microsoft\Windows\CurrentVersion\Uninstall\Office365,REGISTRY,None
2026-04-22 08:09:06,7000,Registry Value Read: HKCU\Software\Microsoft\Windows\CurrentVersion\Explorer\RecentDocs,REGISTRY,None
2026-04-22 08:10:06,7000,Registry Value Read: HKCU\Software\Microsoft\Windows\CurrentVersion\Explorer\RecentDocs,REGISTRY,None
2026-04-22 08:11:06,7000,Registry Value Read: HKCU\Control Panel\Desktop\Wallpaper,REGISTRY,None
2026-04-22 08:12:06,7000,Registry Value Read: HKCU\Software\Microsoft\Windows\CurrentVersion\Explorer\RecentDocs,REGISTRY,None
2026-04-22 08:13:06,7000,Registry Value Read: HKLM\SYSTEM\CurrentControlSet\Control\TimeZoneInformation,REGISTRY,None
2026-04-22 08:14:06,7000,Registry Value Read: HKLM\SOFTWARE\Microsoft\Windows\CurrentVersion\Uninstall\Office365,REGISTRY,None
2026-04-22 08:15:06,7000,Registry Value Read: HKCU\Software\Microsoft\Windows\CurrentVersion\Explorer\RecentDocs,REGISTRY,None
2026-04-22 08:16:06,7000,Registry Value Read: HKCU\Control Panel\Desktop\Wallpaper,REGISTRY,None
2026-04-22 08:17:06,7000,Registry Value Read: HKLM\SOFTWARE\Microsoft\Windows\CurrentVersion\Uninstall\Office365,REGISTRY,None
2026-04-22 08:18:06,7000,Registry Value Read: HKCU\Control Panel\Desktop\Wallpaper,REGISTRY,None
2026-04-22 08:19:06,7000,Registry Value Read: HKLM\SOFTWARE\Microsoft\Windows\CurrentVersion\Uninstall\Office365,REGISTRY,None
2026-04-22 08:20:06,7000,Registry Value Read: HKCU\Software\Microsoft\Windows\CurrentVersion\Explorer\RecentDocs,REGISTRY,None
2026-04-22 08:21:06,7000,Registry Value Read: HKLM\SOFTWARE\Microsoft\Windows\CurrentVersion\Uninstall\Office365,REGISTRY,None
2026-04-22 08:22:06,7000,Registry Value Read: HKLM\SOFTWARE\Microsoft\Windows\CurrentVersion\Uninstall\Office365,REGISTRY,None
2026-04-22 08:23:06,7000,Registry Value Read: HKLM\SYSTEM\CurrentControlSet\Control\TimeZoneInformation,REGISTRY,None
2026-04-22 08:24:06,7000,Registry Value Read: HKLM\SYSTEM\CurrentControlSet\Control\TimeZoneInformation,REGISTRY,None
2026-04-22 08:25:06,7000,Registry Value Read: HKLM\SYSTEM\CurrentControlSet\Control\TimeZoneInformation,REGISTRY,None
2026-04-22 08:26:06,7000,Registry Value Read: HKCU\Software\Microsoft\Windows\CurrentVersion\Explorer\RecentDocs,REGISTRY,None
2026-04-22 08:27:06,7000,Registry Value Read: HKLM\SYSTEM\CurrentControlSet\Control\TimeZoneInformation,REGISTRY,None
2026-04-22 08:28:06,7000,Registry Value Read: HKLM\SYSTEM\CurrentControlSet\Control\TimeZoneInformation,REGISTRY,None
2026-04-22 08:29:06,7000,Registry Value Read: HKLM\SYSTEM\CurrentControlSet\Control\TimeZoneInformation,REGISTRY,None
2026-04-22 08:30:06,7000,Registry Value Read: HKLM\SOFTWARE\Microsoft\Windows\CurrentVersion\Uninstall\Office365,REGISTRY,None
2026-04-22 08:31:06,7000,Registry Value Read: HKCU\Software\Microsoft\Windows\CurrentVersion\Explorer\RecentDocs,REGISTRY,None
2026-04-22 08:32:06,7000,Registry Value Read: HKLM\SOFTWARE\Microsoft\Windows\CurrentVersion\Uninstall\Office365,REGISTRY,None
2026-04-22 08:33:06,7000,Registry Value Read: HKCU\Control Panel\Desktop\Wallpaper,REGISTRY,None
2026-04-22 08:34:06,7000,Registry Value Read: HKLM\SYSTEM\CurrentControlSet\Control\TimeZoneInformation,REGISTRY,None
2026-04-22 08:35:06,7000,Registry Value Read: HKCU\Control Panel\Desktop\Wallpaper,REGISTRY,None
2026-04-22 08:36:06,7000,Registry Value Read: HKLM\SOFTWARE\Microsoft\Windows\CurrentVersion\Uninstall\Office365,REGISTRY,None
2026-04-22 08:37:06,7000,Registry Value Read: HKCU\Software\Microsoft\Windows\CurrentVersion\Explorer\RecentDocs,REGISTRY,None
2026-04-22 08:38:06,7000,Registry Value Read: HKCU\Control Panel\Desktop\Wallpaper,REGISTRY,None
2026-04-22 08:39:06,7000,Registry Value Read: HKLM\SOFTWARE\Microsoft\Windows\CurrentVersion\Uninstall\Office365,REGISTRY,None
2026-04-22 08:40:06,7000,Registry Value Read: HKLM\SYSTEM\CurrentControlSet\Control\TimeZoneInformation,REGISTRY,None
2026-04-22 08:41:06,7000,Registry Value Read: HKLM\SOFTWARE\Microsoft\Windows\CurrentVersion\Uninstall\Office365,REGISTRY,None
2026-04-22 08:42:06,7000,Registry Value Read: HKCU\Control Panel\Desktop\Wallpaper,REGISTRY,None
2026-04-22 08:43:06,7000,Registry Value Read: HKLM\SYSTEM\CurrentControlSet\Control\TimeZoneInformation,REGISTRY,None
2026-04-22 08:44:06,7000,Registry Value Read: HKCU\Control Panel\Desktop\Wallpaper,REGISTRY,None
2026-04-22 08:45:06,7000,Registry Value Read: HKCU\Control Panel\Desktop\Wallpaper,REGISTRY,None
2026-04-22 08:46:06,7000,Registry Value Read: HKLM\SOFTWARE\Microsoft\Windows\CurrentVersion\Uninstall\Office365,REGISTRY,None
2026-04-22 08:47:06,7000,Registry Value Read: HKLM\SYSTEM\CurrentControlSet\Control\TimeZoneInformation,REGISTRY,None
2026-04-22 08:48:06,7000,Registry Value Read: HKCU\Software\Microsoft\Windows\CurrentVersion\Explorer\RecentDocs,REGISTRY,None
2026-04-22 08:49:06,7000,Registry Value Read: HKCU\Software\Microsoft\Windows\CurrentVersion\Explorer\RecentDocs,REGISTRY,None
2026-04-22 08:50:06,7000,Registry Value Read: HKCU\Control Panel\Desktop\Wallpaper,REGISTRY,None
2026-04-22 08:51:06,7000,Registry Value Read: HKCU\Control Panel\Desktop\Wallpaper,REGISTRY,None
2026-04-22 08:52:06,7000,Registry Value Read: HKLM\SOFTWARE\Microsoft\Windows\CurrentVersion\Uninstall\Office365,REGISTRY,None
2026-04-22 08:53:06,7000,Registry Value Read: HKCU\Control Panel\Desktop\Wallpaper,REGISTRY,None
2026-04-22 08:54:06,7000,Registry Value Read: HKCU\Control Panel\Desktop\Wallpaper,REGISTRY,None
2026-04-22 08:55:06,7000,Registry Value Read: HKCU\Control Panel\Desktop\Wallpaper,REGISTRY,None
2026-04-22 08:56:06,7000,Registry Value Read: HKCU\Control Panel\Desktop\Wallpaper,REGISTRY,None
2026-04-22 08:57:06,7000,Registry Value Read: HKCU\Control Panel\Desktop\Wallpaper,REGISTRY,None
2026-04-22 08:58:06,7000,Registry Value Read: HKCU\Software\Microsoft\Windows\CurrentVersion\Explorer\RecentDocs,REGISTRY,None
2026-04-22 08:59:06,7000,Registry Value Read: HKLM\SYSTEM\CurrentControlSet\Control\TimeZoneInformation,REGISTRY,None
2026-04-22 09:00:06,7000,Registry Value Read: HKCU\Control Panel\Desktop\Wallpaper,REGISTRY,None
2026-04-22 09:01:06,7000,Registry Value Read: HKCU\Software\Microsoft\Windows\CurrentVersion\Explorer\RecentDocs,REGISTRY,None
2026-04-22 09:02:06,7000,Registry Value Read: HKCU\Control Panel\Desktop\Wallpaper,REGISTRY,None
2026-04-22 09:03:06,7000,Registry Value Read: HKLM\SYSTEM\CurrentControlSet\Control\TimeZoneInformation,REGISTRY,None
2026-04-22 09:04:06,7000,Registry Value Read: HKLM\SOFTWARE\Microsoft\Windows\CurrentVersion\Uninstall\Office365,REGISTRY,None
2026-04-22 09:05:06,7000,Registry Value Read: HKCU\Control Panel\Desktop\Wallpaper,REGISTRY,None
2026-04-22 09:06:06,7000,Registry Value Read: HKLM\SYSTEM\CurrentControlSet\Control\TimeZoneInformation,REGISTRY,None
2026-04-22 09:07:06,7000,Registry Value Read: HKLM\SOFTWARE\Microsoft\Windows\CurrentVersion\Uninstall\Office365,REGISTRY,None
2026-04-22 09:08:06,7000,Registry Value Read: HKCU\Software\Microsoft\Windows\CurrentVersion\Explorer\RecentDocs,REGISTRY,None
2026-04-22 09:09:06,7000,Registry Value Read: HKCU\Software\Microsoft\Windows\CurrentVersion\Explorer\RecentDocs,REGISTRY,None
2026-04-22 09:10:06,7000,Registry Value Read: HKLM\SOFTWARE\Microsoft\Windows\CurrentVersion\Uninstall\Office365,REGISTRY,None
2026-04-22 09:11:06,7000,Registry Value Read: HKCU\Software\Microsoft\Windows\CurrentVersion\Explorer\RecentDocs,REGISTRY,None
2026-04-22 09:12:06,7000,Registry Value Read: HKCU\Software\Microsoft\Windows\CurrentVersion\Explorer\RecentDocs,REGISTRY,None
2026-04-22 09:13:06,7000,Registry Value Read: HKCU\Software\Microsoft\Windows\CurrentVersion\Explorer\RecentDocs,REGISTRY,None
2026-04-22 09:14:06,7000,Registry Value Read: HKLM\SOFTWARE\Microsoft\Windows\CurrentVersion\Uninstall\Office365,REGISTRY,None
2026-04-22 09:15:06,7000,Registry Value Read: HKLM\SYSTEM\CurrentControlSet\Control\TimeZoneInformation,REGISTRY,None
2026-04-22 09:16:06,7000,Registry Value Read: HKCU\Software\Microsoft\Windows\CurrentVersion\Explorer\RecentDocs,REGISTRY,None
2026-04-22 09:17:06,7000,Registry Value Read: HKCU\Software\Microsoft\Windows\CurrentVersion\Explorer\RecentDocs,REGISTRY,None
2026-04-22 09:18:06,7000,Registry Value Read: HKCU\Software\Microsoft\Windows\CurrentVersion\Explorer\RecentDocs,REGISTRY,None
2026-04-22 09:19:06,7000,Registry Value Read: HKLM\SYSTEM\CurrentControlSet\Control\TimeZoneInformation,REGISTRY,None
2026-04-22 09:20:06,7000,Registry Value Read: HKCU\Control Panel\Desktop\Wallpaper,REGISTRY,None
2026-04-22 09:21:06,7000,Registry Value Read: HKLM\SYSTEM\CurrentControlSet\Control\TimeZoneInformation,REGISTRY,None
2026-04-22 09:22:06,7000,Registry Value Read: HKCU\Software\Microsoft\Windows\CurrentVersion\Explorer\RecentDocs,REGISTRY,None
2026-04-22 09:23:06,7000,Registry Value Read: HKLM\SOFTWARE\Microsoft\Windows\CurrentVersion\Uninstall\Office365,REGISTRY,None
2026-04-22 09:24:06,7000,Registry Value Read: HKCU\Software\Microsoft\Windows\CurrentVersion\Explorer\RecentDocs,REGISTRY,None
2026-04-22 09:25:06,7000,Registry Value Read: HKCU\Control Panel\Desktop\Wallpaper,REGISTRY,None
2026-04-22 09:26:06,7000,Registry Value Read: HKCU\Software\Microsoft\Windows\CurrentVersion\Explorer\RecentDocs,REGISTRY,None
2026-04-22 09:27:06,7000,Registry Value Read: HKLM\SYSTEM\CurrentControlSet\Control\TimeZoneInformation,REGISTRY,None
2026-04-22 09:28:06,7000,Registry Value Read: HKCU\Control Panel\Desktop\Wallpaper,REGISTRY,None
2026-04-22 09:29:06,7000,Registry Value Read: HKLM\SYSTEM\CurrentControlSet\Control\TimeZoneInformation,REGISTRY,None
2026-04-22 09:30:06,7000,Registry Value Read: HKCU\Software\Microsoft\Windows\CurrentVersion\Explorer\RecentDocs,REGISTRY,None
2026-04-22 09:31:06,7000,Registry Value Read: HKCU\Control Panel\Desktop\Wallpaper,REGISTRY,None
2026-04-22 09:32:06,7000,Registry Value Read: HKCU\Control Panel\Desktop\Wallpaper,REGISTRY,None
2026-04-22 09:33:06,7000,Registry Value Read: HKLM\SOFTWARE\Microsoft\Windows\CurrentVersion\Uninstall\Office365,REGISTRY,None
2026-04-22 09:34:06,7000,Registry Value Read: HKCU\Software\Microsoft\Windows\CurrentVersion\Explorer\RecentDocs,REGISTRY,None
2026-04-22 09:35:06,7000,Registry Value Read: HKCU\Control Panel\Desktop\Wallpaper,REGISTRY,None
2026-04-22 09:36:06,7000,Registry Value Read: HKCU\Control Panel\Desktop\Wallpaper,REGISTRY,None
2026-04-22 09:37:06,7000,Registry Value Read: HKLM\SOFTWARE\Microsoft\Windows\CurrentVersion\Uninstall\Office365,REGISTRY,None
2026-04-22 09:38:06,7000,Registry Value Read: HKLM\SYSTEM\CurrentControlSet\Control\TimeZoneInformation,REGISTRY,None
2026-04-22 09:39:06,7000,Registry Value Read: HKLM\SOFTWARE\Microsoft\Windows\CurrentVersion\Uninstall\Office365,REGISTRY,None
2026-04-22 09:40:06,7000,Registry Value Read: HKLM\SYSTEM\CurrentControlSet\Control\TimeZoneInformation,REGISTRY,None
2026-04-22 09:41:06,7000,Registry Value Read: HKLM\SOFTWARE\Microsoft\Windows\CurrentVersion\Uninstall\Office365,REGISTRY,None
2026-04-22 09:42:06,7000,Registry Value Read: HKCU\Control Panel\Desktop\Wallpaper,REGISTRY,None
2026-04-22 09:43:06,7000,Registry Value Read: HKCU\Control Panel\Desktop\Wallpaper,REGISTRY,None
2026-04-22 09:44:06,7000,Registry Value Read: HKLM\SYSTEM\CurrentControlSet\Control\TimeZoneInformation,REGISTRY,None
2026-04-22 09:45:06,7000,Registry Value Read: HKLM\SYSTEM\CurrentControlSet\Control\TimeZoneInformation,REGISTRY,None
2026-04-22 09:46:06,7000,Registry Value Read: HKCU\Control Panel\Desktop\Wallpaper,REGISTRY,None
2026-04-22 09:47:06,7000,Registry Value Read: HKCU\Software\Microsoft\Windows\CurrentVersion\Explorer\RecentDocs,REGISTRY,None
2026-04-22 09:48:06,7000,Registry Value Read: HKLM\SOFTWARE\Microsoft\Windows\CurrentVersion\Uninstall\Office365,REGISTRY,None
2026-04-22 09:49:06,7000,Registry Value Read: HKLM\SYSTEM\CurrentControlSet\Control\TimeZoneInformation,REGISTRY,None
2026-04-22 09:50:06,7000,Registry Value Read: HKCU\Software\Microsoft\Windows\CurrentVersion\Explorer\RecentDocs,REGISTRY,None
2026-04-22 09:51:06,7000,Registry Value Read: HKCU\Control Panel\Desktop\Wallpaper,REGISTRY,None
2026-04-22 09:52:06,7000,Registry Value Read: HKCU\Software\Microsoft\Windows\CurrentVersion\Explorer\RecentDocs,REGISTRY,None
2026-04-22 09:53:06,7000,Registry Value Read: HKCU\Software\Microsoft\Windows\CurrentVersion\Explorer\RecentDocs,REGISTRY,None
2026-04-22 09:54:06,7000,Registry Value Read: HKCU\Software\Microsoft\Windows\CurrentVersion\Explorer\RecentDocs,REGISTRY,None
2026-04-22 09:55:06,7000,Registry Value Read: HKCU\Software\Microsoft\Windows\CurrentVersion\Explorer\RecentDocs,REGISTRY,None
2026-04-22 09:56:06,7000,Registry Value Read: HKCU\Software\Microsoft\Windows\CurrentVersion\Explorer\RecentDocs,REGISTRY,None
2026-04-22 09:57:06,7000,Registry Value Read: HKCU\Software\Microsoft\Windows\CurrentVersion\Explorer\RecentDocs,REGISTRY,None
2026-04-22 09:58:06,7000,Registry Value Read: HKLM\SYSTEM\CurrentControlSet\Control\TimeZoneInformation,REGISTRY,None
2026-04-22 09:59:06,7000,Registry Value Read: HKLM\SOFTWARE\Microsoft\Windows\CurrentVersion\Uninstall\Office365,REGISTRY,None
2026-04-22 10:00:06,7000,Registry Value Read: HKCU\Software\Microsoft\Windows\CurrentVersion\Explorer\RecentDocs,REGISTRY,None
2026-04-22 10:01:06,7000,Registry Value Read: HKCU\Software\Microsoft\Windows\CurrentVersion\Explorer\RecentDocs,REGISTRY,None
2026-04-22 10:02:06,7000,Registry Value Read: HKCU\Software\Microsoft\Windows\CurrentVersion\Explorer\RecentDocs,REGISTRY,None
2026-04-22 10:03:06,7000,Registry Value Read: HKLM\SOFTWARE\Microsoft\Windows\CurrentVersion\Uninstall\Office365,REGISTRY,None
2026-04-22 10:04:06,7000,Registry Value Read: HKLM\SYSTEM\CurrentControlSet\Control\TimeZoneInformation,REGISTRY,None
2026-04-22 10:05:06,7000,Registry Value Read: HKLM\SOFTWARE\Microsoft\Windows\CurrentVersion\Uninstall\Office365,REGISTRY,None
2026-04-22 10:06:06,7000,Registry Value Read: HKCU\Control Panel\Desktop\Wallpaper,REGISTRY,None
2026-04-22 10:07:06,7000,Registry Value Read: HKCU\Control Panel\Desktop\Wallpaper,REGISTRY,None
2026-04-22 10:08:06,7000,Registry Value Read: HKLM\SYSTEM\CurrentControlSet\Control\TimeZoneInformation,REGISTRY,None
2026-04-22 10:09:06,7000,Registry Value Read: HKLM\SOFTWARE\Microsoft\Windows\CurrentVersion\Uninstall\Office365,REGISTRY,None
2026-04-22 10:10:06,7000,Registry Value Read: HKCU\Software\Microsoft\Windows\CurrentVersion\Explorer\RecentDocs,REGISTRY,None
2026-04-22 10:11:06,7000,Registry Value Read: HKCU\Software\Microsoft\Windows\CurrentVersion\Explorer\RecentDocs,REGISTRY,None
2026-04-22 10:12:06,7000,Registry Value Read: HKLM\SOFTWARE\Microsoft\Windows\CurrentVersion\Uninstall\Office365,REGISTRY,None
2026-04-22 10:13:06,7000,Registry Value Read: HKCU\Control Panel\Desktop\Wallpaper,REGISTRY,None
2026-04-22 10:14:06,7000,Registry Value Read: HKCU\Software\Microsoft\Windows\CurrentVersion\Explorer\RecentDocs,REGISTRY,None
2026-04-22 10:15:06,7000,Registry Value Read: HKCU\Software\Microsoft\Windows\CurrentVersion\Explorer\RecentDocs,REGISTRY,None
2026-04-22 10:16:06,7000,Registry Value Read: HKLM\SYSTEM\CurrentControlSet\Control\TimeZoneInformation,REGISTRY,None
2026-04-22 10:17:06,7000,Registry Value Read: HKLM\SYSTEM\CurrentControlSet\Control\TimeZoneInformation,REGISTRY,None
2026-04-22 10:18:06,7000,Registry Value Read: HKCU\Software\Microsoft\Windows\CurrentVersion\Explorer\RecentDocs,REGISTRY,None
2026-04-22 10:19:06,7000,Registry Value Read: HKLM\SOFTWARE\Microsoft\Windows\CurrentVersion\Uninstall\Office365,REGISTRY,None
2026-04-22 10:20:06,7000,Registry Value Read: HKLM\SOFTWARE\Microsoft\Windows\CurrentVersion\Uninstall\Office365,REGISTRY,None
2026-04-22 10:21:06,7000,Registry Value Read: HKLM\SYSTEM\CurrentControlSet\Control\TimeZoneInformation,REGISTRY,None
2026-04-22 10:22:06,7000,Registry Value Read: HKLM\SYSTEM\CurrentControlSet\Control\TimeZoneInformation,REGISTRY,None
2026-04-22 10:23:06,7000,Registry Value Read: HKCU\Control Panel\Desktop\Wallpaper,REGISTRY,None
2026-04-22 10:24:06,7000,Registry Value Read: HKLM\SOFTWARE\Microsoft\Windows\CurrentVersion\Uninstall\Office365,REGISTRY,None
2026-04-22 10:25:06,7000,Registry Value Read: HKLM\SOFTWARE\Microsoft\Windows\CurrentVersion\Uninstall\Office365,REGISTRY,None
2026-04-22 10:26:06,7000,Registry Value Read: HKCU\Control Panel\Desktop\Wallpaper,REGISTRY,None
2026-04-22 10:27:06,7000,Registry Value Read: HKLM\SOFTWARE\Microsoft\Windows\CurrentVersion\Uninstall\Office365,REGISTRY,None
2026-04-22 10:28:06,7000,Registry Value Read: HKCU\Software\Microsoft\Windows\CurrentVersion\Explorer\RecentDocs,REGISTRY,None
2026-04-22 10:29:06,7000,Registry Value Read: HKCU\Software\Microsoft\Windows\CurrentVersion\Explorer\RecentDocs,REGISTRY,None
2026-04-22 10:30:06,7000,Registry Value Read: HKLM\SOFTWARE\Microsoft\Windows\CurrentVersion\Uninstall\Office365,REGISTRY,None
2026-04-22 10:31:06,7000,Registry Value Read: HKCU\Control Panel\Desktop\Wallpaper,REGISTRY,None
2026-04-22 10:32:06,7000,Registry Value Read: HKLM\SYSTEM\CurrentControlSet\Control\TimeZoneInformation,REGISTRY,None
2026-04-22 10:33:06,7000,Registry Value Read: HKLM\SOFTWARE\Microsoft\Windows\CurrentVersion\Uninstall\Office365,REGISTRY,None
2026-04-22 10:34:06,7000,Registry Value Read: HKCU\Control Panel\Desktop\Wallpaper,REGISTRY,None
2026-04-22 10:35:06,7000,Registry Value Read: HKLM\SYSTEM\CurrentControlSet\Control\TimeZoneInformation,REGISTRY,None
2026-04-22 10:36:06,7000,Registry Value Read: HKCU\Control Panel\Desktop\Wallpaper,REGISTRY,None
2026-04-22 10:37:06,7000,Registry Value Read: HKLM\SYSTEM\CurrentControlSet\Control\TimeZoneInformation,REGISTRY,None
2026-04-22 10:38:06,7000,Registry Value Read: HKCU\Software\Microsoft\Windows\CurrentVersion\Explorer\RecentDocs,REGISTRY,None
2026-04-22 10:39:06,7000,Registry Value Read: HKCU\Control Panel\Desktop\Wallpaper,REGISTRY,None
2026-04-22 10:40:06,7000,Registry Value Read: HKCU\Software\Microsoft\Windows\CurrentVersion\Explorer\RecentDocs,REGISTRY,None
2026-04-22 10:41:06,7000,Registry Value Read: HKLM\SYSTEM\CurrentControlSet\Control\TimeZoneInformation,REGISTRY,None
2026-04-22 10:42:06,7000,Registry Value Read: HKCU\Software\Microsoft\Windows\CurrentVersion\Explorer\RecentDocs,REGISTRY,None
2026-04-22 10:43:06,7000,Registry Value Read: HKLM\SOFTWARE\Microsoft\Windows\CurrentVersion\Uninstall\Office365,REGISTRY,None
2026-04-22 10:44:06,7000,Registry Value Read: HKLM\SYSTEM\CurrentControlSet\Control\TimeZoneInformation,REGISTRY,None
2026-04-22 10:45:06,7000,Registry Value Read: HKCU\Control Panel\Desktop\Wallpaper,REGISTRY,None
2026-04-22 10:46:06,7000,Registry Value Read: HKCU\Software\Microsoft\Windows\CurrentVersion\Explorer\RecentDocs,REGISTRY,None
2026-04-22 10:47:06,7000,Registry Value Read: HKCU\Control Panel\Desktop\Wallpaper,REGISTRY,None
2026-04-22 10:48:06,7000,Registry Value Read: HKCU\Control Panel\Desktop\Wallpaper,REGISTRY,None
2026-04-22 10:49:06,7000,Registry Value Read: HKCU\Software\Microsoft\Windows\CurrentVersion\Explorer\RecentDocs,REGISTRY,None
2026-04-22 10:50:06,7000,Registry Value Read: HKCU\Software\Microsoft\Windows\CurrentVersion\Explorer\RecentDocs,REGISTRY,None
2026-04-22 10:51:06,7000,Registry Value Read: HKLM\SOFTWARE\Microsoft\Windows\CurrentVersion\Uninstall\Office365,REGISTRY,None
2026-04-22 10:52:06,7000,Registry Value Read: HKCU\Software\Microsoft\Windows\CurrentVersion\Explorer\RecentDocs,REGISTRY,None
2026-04-22 10:53:06,7000,Registry Value Read: HKCU\Software\Microsoft\Windows\CurrentVersion\Explorer\RecentDocs,REGISTRY,None
2026-04-22 10:54:06,7000,Registry Value Read: HKCU\Software\Microsoft\Windows\CurrentVersion\Explorer\RecentDocs,REGISTRY,None
2026-04-22 10:55:06,7000,Registry Value Read: HKLM\SYSTEM\CurrentControlSet\Control\TimeZoneInformation,REGISTRY,None
2026-04-22 10:56:06,7000,Registry Value Read: HKLM\SOFTWARE\Microsoft\Windows\CurrentVersion\Uninstall\Office365,REGISTRY,None
2026-04-22 10:57:06,7000,Registry Value Read: HKCU\Software\Microsoft\Windows\CurrentVersion\Explorer\RecentDocs,REGISTRY,None
2026-04-22 10:58:06,7000,Registry Value Read: HKCU\Software\Microsoft\Windows\CurrentVersion\Explorer\RecentDocs,REGISTRY,None
2026-04-22 10:59:06,7000,Registry Value Read: HKCU\Control Panel\Desktop\Wallpaper,REGISTRY,None
2026-04-22 11:00:06,7000,Registry Value Read: HKCU\Software\Microsoft\Windows\CurrentVersion\Explorer\RecentDocs,REGISTRY,None
2026-04-22 11:01:06,7000,Registry Value Read: HKLM\SOFTWARE\Microsoft\Windows\CurrentVersion\Uninstall\Office365,REGISTRY,None
2026-04-22 11:02:06,7000,Registry Value Read: HKLM\SYSTEM\CurrentControlSet\Control\TimeZoneInformation,REGISTRY,None
2026-04-22 11:03:06,7000,Registry Value Read: HKLM\SOFTWARE\Microsoft\Windows\CurrentVersion\Uninstall\Office365,REGISTRY,None
2026-04-22 11:04:06,7000,Registry Value Read: HKCU\Control Panel\Desktop\Wallpaper,REGISTRY,None
2026-04-22 11:05:06,7000,Registry Value Read: HKCU\Software\Microsoft\Windows\CurrentVersion\Explorer\RecentDocs,REGISTRY,None
2026-04-22 11:06:06,7000,Registry Value Read: HKCU\Software\Microsoft\Windows\CurrentVersion\Explorer\RecentDocs,REGISTRY,None
2026-04-22 11:07:06,7000,Registry Value Read: HKLM\SYSTEM\CurrentControlSet\Control\TimeZoneInformation,REGISTRY,None
2026-04-22 11:08:06,7000,Registry Value Read: HKLM\SOFTWARE\Microsoft\Windows\CurrentVersion\Uninstall\Office365,REGISTRY,None
2026-04-22 11:09:06,7000,Registry Value Read: HKCU\Software\Microsoft\Windows\CurrentVersion\Explorer\RecentDocs,REGISTRY,None
2026-04-22 11:10:06,7000,Registry Value Read: HKCU\Control Panel\Desktop\Wallpaper,REGISTRY,None
2026-04-22 11:11:06,7000,Registry Value Read: HKCU\Control Panel\Desktop\Wallpaper,REGISTRY,None
2026-04-22 11:12:06,7000,Registry Value Read: HKCU\Software\Microsoft\Windows\CurrentVersion\Explorer\RecentDocs,REGISTRY,None
2026-04-22 11:13:06,7000,Registry Value Read: HKLM\SOFTWARE\Microsoft\Windows\CurrentVersion\Uninstall\Office365,REGISTRY,None
2026-04-22 11:14:06,7000,Registry Value Read: HKLM\SOFTWARE\Microsoft\Windows\CurrentVersion\Uninstall\Office365,REGISTRY,None
2026-04-22 11:15:06,7000,Registry Value Read: HKLM\SOFTWARE\Microsoft\Windows\CurrentVersion\Uninstall\Office365,REGISTRY,None
2026-04-22 11:16:06,7000,Registry Value Read: HKCU\Control Panel\Desktop\Wallpaper,REGISTRY,None
2026-04-22 11:17:06,7000,Registry Value Read: HKCU\Software\Microsoft\Windows\CurrentVersion\Explorer\RecentDocs,REGISTRY,None
2026-04-22 11:18:06,7000,Registry Value Read: HKLM\SOFTWARE\Microsoft\Windows\CurrentVersion\Uninstall\Office365,REGISTRY,None
2026-04-22 11:19:06,7000,Registry Value Read: HKLM\SYSTEM\CurrentControlSet\Control\TimeZoneInformation,REGISTRY,None
2026-04-22 11:20:06,7000,Registry Value Read: HKCU\Control Panel\Desktop\Wallpaper,REGISTRY,None
2026-04-22 11:21:06,7000,Registry Value Read: HKLM\SOFTWARE\Microsoft\Windows\CurrentVersion\Uninstall\Office365,REGISTRY,None
2026-04-22 11:22:06,7000,Registry Value Read: HKCU\Control Panel\Desktop\Wallpaper,REGISTRY,None
2026-04-22 11:23:06,7000,Registry Value Read: HKLM\SOFTWARE\Microsoft\Windows\CurrentVersion\Uninstall\Office365,REGISTRY,None
2026-04-22 11:24:06,7000,Registry Value Read: HKCU\Control Panel\Desktop\Wallpaper,REGISTRY,None
2026-04-22 11:25:06,7000,Registry Value Read: HKLM\SYSTEM\CurrentControlSet\Control\TimeZoneInformation,REGISTRY,None
2026-04-22 11:26:06,7000,Registry Value Read: HKLM\SOFTWARE\Microsoft\Windows\CurrentVersion\Uninstall\Office365,REGISTRY,None
2026-04-22 11:27:06,7000,Registry Value Read: HKCU\Control Panel\Desktop\Wallpaper,REGISTRY,None
2026-04-22 11:28:06,7000,Registry Value Read: HKLM\SOFTWARE\Microsoft\Windows\CurrentVersion\Uninstall\Office365,REGISTRY,None
2026-04-22 11:29:06,7000,Registry Value Read: HKLM\SYSTEM\CurrentControlSet\Control\TimeZoneInformation,REGISTRY,None
2026-04-22 11:30:06,7000,Registry Value Read: HKCU\Control Panel\Desktop\Wallpaper,REGISTRY,None
2026-04-22 11:31:06,7000,Registry Value Read: HKCU\Software\Microsoft\Windows\CurrentVersion\Explorer\RecentDocs,REGISTRY,None
2026-04-22 11:32:06,7000,Registry Value Read: HKCU\Software\Microsoft\Windows\CurrentVersion\Explorer\RecentDocs,REGISTRY,None
2026-04-22 11:33:06,7000,Registry Value Read: HKLM\SOFTWARE\Microsoft\Windows\CurrentVersion\Uninstall\Office365,REGISTRY,None
2026-04-22 11:34:06,7000,Registry Value Read: HKCU\Software\Microsoft\Windows\CurrentVersion\Explorer\RecentDocs,REGISTRY,None
2026-04-22 11:35:06,7000,Registry Value Read: HKLM\SOFTWARE\Microsoft\Windows\CurrentVersion\Uninstall\Office365,REGISTRY,None
2026-04-22 11:36:06,7000,Registry Value Read: HKLM\SOFTWARE\Microsoft\Windows\CurrentVersion\Uninstall\Office365,REGISTRY,None
2026-04-22 11:37:06,7000,Registry Value Read: HKLM\SYSTEM\CurrentControlSet\Control\TimeZoneInformation,REGISTRY,None
2026-04-22 11:38:06,7000,Registry Value Read: HKCU\Control Panel\Desktop\Wallpaper,REGISTRY,None
2026-04-22 11:39:06,7000,Registry Value Read: HKCU\Software\Microsoft\Windows\CurrentVersion\Explorer\RecentDocs,REGISTRY,None
2026-04-22 11:40:06,7000,Registry Value Read: HKCU\Software\Microsoft\Windows\CurrentVersion\Explorer\RecentDocs,REGISTRY,None
2026-04-22 11:41:06,7000,Registry Value Read: HKCU\Software\Microsoft\Windows\CurrentVersion\Explorer\RecentDocs,REGISTRY,None
2026-04-22 11:42:06,7000,Registry Value Read: HKCU\Control Panel\Desktop\Wallpaper,REGISTRY,None
2026-04-22 11:43:06,7000,Registry Value Read: HKCU\Control Panel\Desktop\Wallpaper,REGISTRY,None
2026-04-22 11:44:06,7000,Registry Value Read: HKCU\Software\Microsoft\Windows\CurrentVersion\Explorer\RecentDocs,REGISTRY,None
2026-04-22 11:45:06,7000,Registry Value Read: HKCU\Software\Microsoft\Windows\CurrentVersion\Explorer\RecentDocs,REGISTRY,None
2026-04-22 11:46:06,7000,Registry Value Read: HKCU\Control Panel\Desktop\Wallpaper,REGISTRY,None
2026-04-22 11:47:06,7000,Registry Value Read: HKLM\SYSTEM\CurrentControlSet\Control\TimeZoneInformation,REGISTRY,None
2026-04-22 11:48:06,7000,Registry Value Read: HKLM\SOFTWARE\Microsoft\Windows\CurrentVersion\Uninstall\Office365,REGISTRY,None
2026-04-22 11:49:06,7000,Registry Value Read: HKCU\Control Panel\Desktop\Wallpaper,REGISTRY,None
2026-04-22 11:50:06,7000,Registry Value Read: HKLM\SYSTEM\CurrentControlSet\Control\TimeZoneInformation,REGISTRY,None
2026-04-22 11:51:06,7000,Registry Value Read: HKCU\Control Panel\Desktop\Wallpaper,REGISTRY,None
2026-04-22 11:52:06,7000,Registry Value Read: HKCU\Control Panel\Desktop\Wallpaper,REGISTRY,None
2026-04-22 11:53:06,7000,Registry Value Read: HKLM\SOFTWARE\Microsoft\Windows\CurrentVersion\Uninstall\Office365,REGISTRY,None
2026-04-22 11:54:06,7000,Registry Value Read: HKLM\SYSTEM\CurrentControlSet\Control\TimeZoneInformation,REGISTRY,None
2026-04-22 11:55:06,7000,Registry Value Read: HKCU\Control Panel\Desktop\Wallpaper,REGISTRY,None
2026-04-22 11:56:06,7000,Registry Value Read: HKCU\Software\Microsoft\Windows\CurrentVersion\Explorer\RecentDocs,REGISTRY,None
2026-04-22 11:57:06,7000,Registry Value Read: HKLM\SYSTEM\CurrentControlSet\Control\TimeZoneInformation,REGISTRY,None
2026-04-22 11:58:06,7000,Registry Value Read: HKCU\Control Panel\Desktop\Wallpaper,REGISTRY,None
2026-04-22 11:59:06,7000,Registry Value Read: HKCU\Software\Microsoft\Windows\CurrentVersion\Explorer\RecentDocs,REGISTRY,None
2026-04-22 12:00:06,7000,Registry Value Read: HKCU\Software\Microsoft\Windows\CurrentVersion\Explorer\RecentDocs,REGISTRY,None
2026-04-22 12:01:06,7000,Registry Value Read: HKLM\SOFTWARE\Microsoft\Windows\CurrentVersion\Uninstall\Office365,REGISTRY,None
2026-04-22 12:02:06,7000,Registry Value Read: HKCU\Control Panel\Desktop\Wallpaper,REGISTRY,None
2026-04-22 12:03:06,7000,Registry Value Read: HKCU\Control Panel\Desktop\Wallpaper,REGISTRY,None
2026-04-22 12:04:06,7000,Registry Value Read: HKCU\Control Panel\Desktop\Wallpaper,REGISTRY,None
2026-04-22 12:05:06,7000,Registry Value Read: HKLM\SYSTEM\CurrentControlSet\Control\TimeZoneInformation,REGISTRY,None
2026-04-22 12:06:06,7000,Registry Value Read: HKLM\SOFTWARE\Microsoft\Windows\CurrentVersion\Uninstall\Office365,REGISTRY,None
2026-04-22 12:07:06,7000,Registry Value Read: HKLM\SYSTEM\CurrentControlSet\Control\TimeZoneInformation,REGISTRY,None
2026-04-22 12:08:06,7000,Registry Value Read: HKLM\SOFTWARE\Microsoft\Windows\CurrentVersion\Uninstall\Office365,REGISTRY,None
2026-04-22 12:09:06,7000,Registry Value Read: HKLM\SOFTWARE\Microsoft\Windows\CurrentVersion\Uninstall\Office365,REGISTRY,None
2026-04-22 12:10:06,7000,Registry Value Read: HKCU\Control Panel\Desktop\Wallpaper,REGISTRY,None
2026-04-22 12:11:06,7000,Registry Value Read: HKCU\Software\Microsoft\Windows\CurrentVersion\Explorer\RecentDocs,REGISTRY,None
2026-04-22 12:12:06,7000,Registry Value Read: HKLM\SOFTWARE\Microsoft\Windows\CurrentVersion\Uninstall\Office365,REGISTRY,None
2026-04-22 12:13:06,7000,Registry Value Read: HKLM\SYSTEM\CurrentControlSet\Control\TimeZoneInformation,REGISTRY,None
2026-04-22 12:14:06,7000,Registry Value Read: HKCU\Software\Microsoft\Windows\CurrentVersion\Explorer\RecentDocs,REGISTRY,None
2026-04-22 12:15:06,7000,Registry Value Read: HKLM\SOFTWARE\Microsoft\Windows\CurrentVersion\Uninstall\Office365,REGISTRY,None
2026-04-22 12:16:06,7000,Registry Value Read: HKLM\SOFTWARE\Microsoft\Windows\CurrentVersion\Uninstall\Office365,REGISTRY,None
2026-04-22 12:17:06,7000,Registry Value Read: HKLM\SOFTWARE\Microsoft\Windows\CurrentVersion\Uninstall\Office365,REGISTRY,None
2026-04-22 12:18:06,7000,Registry Value Read: HKCU\Control Panel\Desktop\Wallpaper,REGISTRY,None
2026-04-22 12:19:06,7000,Registry Value Read: HKLM\SYSTEM\CurrentControlSet\Control\TimeZoneInformation,REGISTRY,None
2026-04-22 12:20:06,7000,Registry Value Read: HKLM\SOFTWARE\Microsoft\Windows\CurrentVersion\Uninstall\Office365,REGISTRY,None
2026-04-22 12:21:06,7000,Registry Value Read: HKCU\Control Panel\Desktop\Wallpaper,REGISTRY,None
2026-04-22 12:22:06,7000,Registry Value Read: HKCU\Software\Microsoft\Windows\CurrentVersion\Explorer\RecentDocs,REGISTRY,None
2026-04-22 12:23:06,7000,Registry Value Read: HKLM\SOFTWARE\Microsoft\Windows\CurrentVersion\Uninstall\Office365,REGISTRY,None
2026-04-22 12:24:06,7000,Registry Value Read: HKCU\Software\Microsoft\Windows\CurrentVersion\Explorer\RecentDocs,REGISTRY,None
2026-04-22 12:25:06,7000,Registry Value Read: HKLM\SOFTWARE\Microsoft\Windows\CurrentVersion\Uninstall\Office365,REGISTRY,None
2026-04-22 12:26:06,7000,Registry Value Read: HKLM\SOFTWARE\Microsoft\Windows\CurrentVersion\Uninstall\Office365,REGISTRY,None
2026-04-22 12:27:06,7000,Registry Value Read: HKLM\SOFTWARE\Microsoft\Windows\CurrentVersion\Uninstall\Office365,REGISTRY,None
2026-04-22 12:28:06,7000,Registry Value Read: HKCU\Software\Microsoft\Windows\CurrentVersion\Explorer\RecentDocs,REGISTRY,None
2026-04-22 12:29:06,7000,Registry Value Read: HKLM\SOFTWARE\Microsoft\Windows\CurrentVersion\Uninstall\Office365,REGISTRY,None
2026-04-22 12:30:06,7000,Registry Value Read: HKLM\SOFTWARE\Microsoft\Windows\CurrentVersion\Uninstall\Office365,REGISTRY,None
2026-04-22 12:31:06,7000,Registry Value Read: HKCU\Control Panel\Desktop\Wallpaper,REGISTRY,None
2026-04-22 12:32:06,7000,Registry Value Read: HKCU\Software\Microsoft\Windows\CurrentVersion\Explorer\RecentDocs,REGISTRY,None
2026-04-22 12:33:06,7000,Registry Value Read: HKLM\SOFTWARE\Microsoft\Windows\CurrentVersion\Uninstall\Office365,REGISTRY,None
2026-04-22 12:34:06,7000,Registry Value Read: HKCU\Control Panel\Desktop\Wallpaper,REGISTRY,None
2026-04-22 12:35:06,7000,Registry Value Read: HKCU\Software\Microsoft\Windows\CurrentVersion\Explorer\RecentDocs,REGISTRY,None
2026-04-22 12:36:06,7000,Registry Value Read: HKCU\Control Panel\Desktop\Wallpaper,REGISTRY,None
2026-04-22 12:37:06,7000,Registry Value Read: HKLM\SYSTEM\CurrentControlSet\Control\TimeZoneInformation,REGISTRY,None
2026-04-22 12:38:06,7000,Registry Value Read: HKCU\Software\Microsoft\Windows\CurrentVersion\Explorer\RecentDocs,REGISTRY,None
2026-04-22 12:39:06,7000,Registry Value Read: HKLM\SYSTEM\CurrentControlSet\Control\TimeZoneInformation,REGISTRY,None
2026-04-22 12:40:06,7000,Registry Value Read: HKLM\SYSTEM\CurrentControlSet\Control\TimeZoneInformation,REGISTRY,None
2026-04-22 12:41:06,7000,Registry Value Read: HKLM\SOFTWARE\Microsoft\Windows\CurrentVersion\Uninstall\Office365,REGISTRY,None
2026-04-22 12:42:06,7000,Registry Value Read: HKLM\SOFTWARE\Microsoft\Windows\CurrentVersion\Uninstall\Office365,REGISTRY,None
2026-04-22 12:43:06,7000,Registry Value Read: HKLM\SYSTEM\CurrentControlSet\Control\TimeZoneInformation,REGISTRY,None
2026-04-22 12:44:06,7000,Registry Value Read: HKCU\Control Panel\Desktop\Wallpaper,REGISTRY,None
2026-04-22 12:45:06,7000,Registry Value Read: HKCU\Software\Microsoft\Windows\CurrentVersion\Explorer\RecentDocs,REGISTRY,None
2026-04-22 12:46:06,7000,Registry Value Read: HKCU\Control Panel\Desktop\Wallpaper,REGISTRY,None
2026-04-22 12:47:06,7000,Registry Value Read: HKCU\Software\Microsoft\Windows\CurrentVersion\Explorer\RecentDocs,REGISTRY,None
2026-04-22 12:48:06,7000,Registry Value Read: HKLM\SYSTEM\CurrentControlSet\Control\TimeZoneInformation,REGISTRY,None
2026-04-22 12:49:06,7000,Registry Value Read: HKLM\SOFTWARE\Microsoft\Windows\CurrentVersion\Uninstall\Office365,REGISTRY,None
2026-04-22 12:50:06,7000,Registry Value Read: HKLM\SYSTEM\CurrentControlSet\Control\TimeZoneInformation,REGISTRY,None
2026-04-22 12:51:06,7000,Registry Value Read: HKCU\Control Panel\Desktop\Wallpaper,REGISTRY,None
2026-04-22 12:52:06,7000,Registry Value Read: HKCU\Control Panel\Desktop\Wallpaper,REGISTRY,None
2026-04-22 12:53:06,7000,Registry Value Read: HKCU\Software\Microsoft\Windows\CurrentVersion\Explorer\RecentDocs,REGISTRY,None
2026-04-22 12:54:06,7000,Registry Value Read: HKCU\Software\Microsoft\Windows\CurrentVersion\Explorer\RecentDocs,REGISTRY,None
2026-04-22 12:55:06,7000,Registry Value Read: HKLM\SOFTWARE\Microsoft\Windows\CurrentVersion\Uninstall\Office365,REGISTRY,None
2026-04-22 12:56:06,7000,Registry Value Read: HKLM\SYSTEM\CurrentControlSet\Control\TimeZoneInformation,REGISTRY,None
2026-04-22 12:57:06,7000,Registry Value Read: HKLM\SYSTEM\CurrentControlSet\Control\TimeZoneInformation,REGISTRY,None
2026-04-22 12:58:06,7000,Registry Value Read: HKLM\SYSTEM\CurrentControlSet\Control\TimeZoneInformation,REGISTRY,None
2026-04-22 12:59:06,7000,Registry Value Read: HKLM\SYSTEM\CurrentControlSet\Control\TimeZoneInformation,REGISTRY,None
2026-04-22 13:00:06,7000,Registry Value Read: HKCU\Control Panel\Desktop\Wallpaper,REGISTRY,None
2026-04-22 13:01:06,7000,Registry Value Read: HKLM\SYSTEM\CurrentControlSet\Control\TimeZoneInformation,REGISTRY,None
2026-04-22 13:02:06,7000,Registry Value Read: HKCU\Software\Microsoft\Windows\CurrentVersion\Explorer\RecentDocs,REGISTRY,None
2026-04-22 13:03:06,7000,Registry Value Read: HKLM\SOFTWARE\Microsoft\Windows\CurrentVersion\Uninstall\Office365,REGISTRY,None
2026-04-22 13:04:06,7000,Registry Value Read: HKLM\SYSTEM\CurrentControlSet\Control\TimeZoneInformation,REGISTRY,None
2026-04-22 13:05:06,7000,Registry Value Read: HKCU\Software\Microsoft\Windows\CurrentVersion\Explorer\RecentDocs,REGISTRY,None
2026-04-22 13:06:06,7000,Registry Value Read: HKLM\SYSTEM\CurrentControlSet\Control\TimeZoneInformation,REGISTRY,None
2026-04-22 13:07:06,7000,Registry Value Read: HKCU\Control Panel\Desktop\Wallpaper,REGISTRY,None
2026-04-22 13:08:06,7000,Registry Value Read: HKCU\Control Panel\Desktop\Wallpaper,REGISTRY,None
2026-04-22 13:09:06,7000,Registry Value Read: HKLM\SYSTEM\CurrentControlSet\Control\TimeZoneInformation,REGISTRY,None
2026-04-22 13:10:06,7000,Registry Value Read: HKCU\Control Panel\Desktop\Wallpaper,REGISTRY,None
2026-04-22 13:11:06,7000,Registry Value Read: HKCU\Software\Microsoft\Windows\CurrentVersion\Explorer\RecentDocs,REGISTRY,None
2026-04-22 13:12:06,7000,Registry Value Read: HKCU\Control Panel\Desktop\Wallpaper,REGISTRY,None
2026-04-22 13:13:06,7000,Registry Value Read: HKLM\SOFTWARE\Microsoft\Windows\CurrentVersion\Uninstall\Office365,REGISTRY,None
2026-04-22 13:14:06,7000,Registry Value Read: HKCU\Control Panel\Desktop\Wallpaper,REGISTRY,None
2026-04-22 13:15:06,7000,Registry Value Read: HKLM\SOFTWARE\Microsoft\Windows\CurrentVersion\Uninstall\Office365,REGISTRY,None
2026-04-22 13:16:06,7000,Registry Value Read: HKCU\Control Panel\Desktop\Wallpaper,REGISTRY,None
2026-04-22 13:17:06,7000,Registry Value Read: HKLM\SOFTWARE\Microsoft\Windows\CurrentVersion\Uninstall\Office365,REGISTRY,None
2026-04-22 13:18:06,7000,Registry Value Read: HKCU\Control Panel\Desktop\Wallpaper,REGISTRY,None
2026-04-22 20:49:06,8001,Security Bypass: UAC Remote Restrictions disabled (LocalAccountTokenFilterPolicy),REGISTRY,Alert
2026-04-22 20:49:06,9000,Hardware History: USB Device 'Kingston DataTraveler' Serial: 00123AB connected,REGISTRY,Alert
2026-04-22 20:49:06,8001,Security Bypass: Windows Defender 'DisableAntiSpyware' set to 1,REGISTRY,Alert
2026-04-22 20:49:06,8000,Registry Persistence: 'powershell_hidden.bat' found in HKCU\...\RunOnce,REGISTRY,Alert
2026-04-22 20:49:06,8001,Security Bypass: Windows Defender 'DisableAntiSpyware' set to 1,REGISTRY,Alert
2026-04-22 20:49:06,9000,Hardware History: USB Device 'Kingston DataTraveler' Serial: 00123AB connected,REGISTRY,Alert
2026-04-22 20:49:06,9000,Hardware History: USB Device 'Kingston DataTraveler' Serial: 00123AB connected,REGISTRY,Alert
2026-04-22 20:49:06,8001,Security Bypass: UAC Remote Restrictions disabled (LocalAccountTokenFilterPolicy),REGISTRY,Alert
2026-04-22 20:49:06,8000,Registry Persistence: 'powershell_hidden.bat' found in HKCU\...\RunOnce,REGISTRY,Alert
2026-04-22 20:49:06,8001,Security Bypass: UAC Remote Restrictions disabled (LocalAccountTokenFilterPolicy),REGISTRY,Alert
